kept_transcripts	age<50&storm	ref	var
A2M	0	685	0
A2M	1	82	1
AARS2	0	683	2
AARS2	1	82	1
ABCA1	0	683	2
ABCA1	1	83	0
ABCA12	0	683	2
ABCA12	1	83	0
ABCA4	0	685	0
ABCA4	1	82	1
ABCB1	0	684	1
ABCB1	1	82	1
ABCB4	0	684	1
ABCB4	1	83	0
ABCB6	0	682	3
ABCB6	1	82	1
ABCC11	0	668	17
ABCC11	1	81	2
ABCC12	0	684	1
ABCC12	1	83	0
ABCC2	0	682	3
ABCC2	1	83	0
ABCC8	0	683	2
ABCC8	1	83	0
ABCC9	0	680	5
ABCC9	1	83	0
ABCG2	0	685	0
ABCG2	1	82	1
ABCG5	0	684	1
ABCG5	1	83	0
ABCG8	0	684	1
ABCG8	1	81	2
ABO	0	663	22
ABO	1	80	3
AC002470.2	0	684	1
AC002470.2	1	83	0
AC008629.1	0	684	1
AC008629.1	1	83	0
AC009533.1	0	683	2
AC009533.1	1	83	0
AC010789.2	0	683	2
AC010789.2	1	83	0
AC011530.1	0	683	2
AC011530.1	1	83	0
AC048338.1	0	684	1
AC048338.1	1	83	0
AC093512.2	0	684	1
AC093512.2	1	83	0
ACACB	0	682	3
ACACB	1	83	0
ACAD8	0	684	1
ACAD8	1	83	0
ACADL	0	669	16
ACADL	1	81	2
ACADSB	0	683	2
ACADSB	1	82	1
ACADVL	0	684	1
ACADVL	1	83	0
ACAT2	0	684	1
ACAT2	1	83	0
ACBD6	0	670	15
ACBD6	1	82	1
ACSF3	0	683	2
ACSF3	1	82	1
ACTG1	0	685	0
ACTG1	1	82	1
ACTN4	0	685	0
ACTN4	1	83	0
ACVR2B	0	684	1
ACVR2B	1	83	0
ADAMTS10	0	684	1
ADAMTS10	1	83	0
ADAMTS13	0	684	1
ADAMTS13	1	83	0
ADAMTS18	0	671	14
ADAMTS18	1	83	0
ADAMTSL2	0	682	3
ADAMTSL2	1	83	0
ADAMTSL4	0	677	8
ADAMTSL4	1	83	0
ADD1	0	682	3
ADD1	1	83	0
ADH1A	0	684	1
ADH1A	1	83	0
ADH1C	0	655	30
ADH1C	1	77	6
AGBL1	0	681	4
AGBL1	1	83	0
AGGF1	0	684	1
AGGF1	1	83	0
AGL	0	685	0
AGL	1	83	0
AGPS	0	682	3
AGPS	1	82	1
AGRN	0	684	1
AGRN	1	83	0
AGXT2	0	670	15
AGXT2	1	80	3
AHCY	0	685	0
AHCY	1	83	0
AIPL1	0	683	2
AIPL1	1	83	0
AIRE	0	681	4
AIRE	1	83	0
AKAP9	0	684	1
AKAP9	1	83	0
AL358113.1	0	684	1
AL358113.1	1	83	0
AL450384.2	0	684	1
AL450384.2	1	83	0
ALB	0	684	1
ALB	1	83	0
ALDH7A1	0	684	1
ALDH7A1	1	83	0
ALG11	0	684	1
ALG11	1	83	0
ALG12	0	683	2
ALG12	1	83	0
ALG6	0	684	1
ALG6	1	83	0
ALK	0	656	29
ALK	1	83	0
ALMS1	0	681	4
ALMS1	1	82	1
ALOX12B	0	684	1
ALOX12B	1	83	0
ALOXE3	0	679	6
ALOXE3	1	83	0
AMH	0	684	1
AMH	1	83	0
AMPD1	0	685	0
AMPD1	1	81	2
ANG	0	685	0
ANG	1	82	1
ANGPTL4	0	680	5
ANGPTL4	1	83	0
ANKH	0	684	1
ANKH	1	83	0
ANKRD26	0	681	4
ANKRD26	1	83	0
ANLN	0	684	1
ANLN	1	83	0
ANO10	0	623	62
ANO10	1	75	8
ANO3	0	685	0
ANO3	1	82	1
ANO5	0	684	1
ANO5	1	83	0
ANO6	0	683	2
ANO6	1	83	0
ANTXR2	0	655	30
ANTXR2	1	79	4
AP1S1	0	684	1
AP1S1	1	83	0
AP4E1	0	683	2
AP4E1	1	83	0
AP4S1	0	684	1
AP4S1	1	83	0
AP5Z1	0	684	1
AP5Z1	1	83	0
APC	0	684	1
APC	1	83	0
APOA4	0	683	2
APOA4	1	83	0
APOB	0	683	2
APOB	1	83	0
APOC3	0	681	4
APOC3	1	81	2
APOL2	0	684	1
APOL2	1	83	0
APTX	0	682	3
APTX	1	83	0
ARMC4	0	684	1
ARMC4	1	83	0
ASAH1	0	684	1
ASAH1	1	83	0
ASB10	0	684	1
ASB10	1	83	0
ASCC1	0	672	13
ASCC1	1	81	2
ASIP	0	684	1
ASIP	1	83	0
ASPA	0	683	2
ASPA	1	83	0
ASPM	0	683	2
ASPM	1	83	0
ASS1	0	684	1
ASS1	1	83	0
ASXL1	0	670	15
ASXL1	1	82	1
ATG9B	0	685	0
ATG9B	1	82	1
ATIC	0	684	1
ATIC	1	83	0
ATM	0	681	4
ATM	1	83	0
ATN1	0	685	0
ATN1	1	83	0
ATP13A2	0	684	1
ATP13A2	1	83	0
ATP1A2	0	684	1
ATP1A2	1	83	0
ATP2A1	0	683	2
ATP2A1	1	83	0
ATP2C1	0	685	0
ATP2C1	1	83	0
ATP5F1A	0	684	1
ATP5F1A	1	83	0
ATP6V0A4	0	684	1
ATP6V0A4	1	83	0
ATP7B	0	681	4
ATP7B	1	83	0
ATP8A2	0	685	0
ATP8A2	1	82	1
ATR	0	684	1
ATR	1	83	0
ATXN1	0	685	0
ATXN1	1	83	0
ATXN10	0	684	1
ATXN10	1	83	0
ATXN7	0	684	1
ATXN7	1	83	0
AURKA	0	681	4
AURKA	1	82	1
AUTS2	0	684	1
AUTS2	1	83	0
B3GALNT2	0	684	1
B3GALNT2	1	83	0
B4GALNT1	0	684	1
B4GALNT1	1	83	0
BANK1	0	684	1
BANK1	1	83	0
BARD1	0	684	1
BARD1	1	83	0
BBS12	0	684	1
BBS12	1	83	0
BBS4	0	684	1
BBS4	1	83	0
BBS7	0	680	5
BBS7	1	82	1
BBS9	0	684	1
BBS9	1	83	0
BCAT2	0	685	0
BCAT2	1	82	1
BCHE	0	684	1
BCHE	1	82	1
BCKDHB	0	684	1
BCKDHB	1	83	0
BCL10	0	684	1
BCL10	1	83	0
BCS1L	0	685	0
BCS1L	1	82	1
BDNF	0	684	1
BDNF	1	83	0
BEAN1	0	684	1
BEAN1	1	83	0
BFSP1	0	675	10
BFSP1	1	82	1
BIN1	0	684	1
BIN1	1	83	0
BIVM-ERCC5	0	682	3
BIVM-ERCC5	1	83	0
BLK	0	683	2
BLK	1	83	0
BLOC1S3	0	684	1
BLOC1S3	1	83	0
BLOC1S6	0	675	10
BLOC1S6	1	83	0
BMPR1A	0	684	1
BMPR1A	1	83	0
BRAT1	0	683	2
BRAT1	1	83	0
BRCA1	0	684	1
BRCA1	1	83	0
BRCA2	0	669	16
BRCA2	1	75	8
BRIP1	0	682	3
BRIP1	1	83	0
BTD	0	680	5
BTD	1	81	2
C12orf65	0	684	1
C12orf65	1	83	0
C19orf12	0	684	1
C19orf12	1	83	0
C1R	0	676	9
C1R	1	82	1
C2CD3	0	684	1
C2CD3	1	83	0
C3	0	685	0
C3	1	83	0
C5	0	684	1
C5	1	83	0
C6	0	675	10
C6	1	83	0
C7	0	684	1
C7	1	83	0
C8A	0	683	2
C8A	1	83	0
C8B	0	675	10
C8B	1	82	1
C9	0	678	7
C9	1	81	2
C9orf72	0	683	2
C9orf72	1	83	0
CA12	0	684	1
CA12	1	83	0
CABP2	0	682	3
CABP2	1	83	0
CABP4	0	685	0
CABP4	1	83	0
CACNA1A	0	684	1
CACNA1A	1	83	0
CACNA1B	0	684	1
CACNA1B	1	83	0
CACNA1D	0	684	1
CACNA1D	1	83	0
CACNA1H	0	682	3
CACNA1H	1	83	0
CACNA2D4	0	683	2
CACNA2D4	1	83	0
CACNB2	0	685	0
CACNB2	1	83	0
CANT1	0	685	0
CANT1	1	83	0
CAPN3	0	681	4
CAPN3	1	83	0
CAPN5	0	684	1
CAPN5	1	83	0
CARD14	0	684	1
CARD14	1	83	0
CARD9	0	677	8
CARD9	1	83	0
CARS2	0	681	4
CARS2	1	82	1
CASP8	0	639	46
CASP8	1	80	3
CASQ2	0	685	0
CASQ2	1	82	1
CAT	0	685	0
CAT	1	82	1
CATSPER1	0	678	7
CATSPER1	1	82	1
CATSPER2	0	684	1
CATSPER2	1	83	0
CAVIN4	0	684	1
CAVIN4	1	83	0
CC2D1A	0	685	0
CC2D1A	1	83	0
CC2D2A	0	683	2
CC2D2A	1	83	0
CCDC103	0	684	1
CCDC103	1	83	0
CCDC114	0	684	1
CCDC114	1	83	0
CCDC151	0	684	1
CCDC151	1	83	0
CCDC39	0	663	22
CCDC39	1	81	2
CCDC40	0	684	1
CCDC40	1	83	0
CCDC78	0	683	2
CCDC78	1	83	0
CCDC8	0	684	1
CCDC8	1	83	0
CCDC88C	0	684	1
CCDC88C	1	83	0
CCNO	0	684	1
CCNO	1	83	0
CCR5	0	684	1
CCR5	1	83	0
CD36	0	656	29
CD36	1	79	4
CD3E	0	685	0
CD3E	1	82	1
CD3G	0	669	16
CD3G	1	80	3
CD96	0	681	4
CD96	1	83	0
CDH15	0	684	1
CDH15	1	82	1
CDH23	0	685	0
CDH23	1	83	0
CDK5RAP2	0	680	5
CDK5RAP2	1	83	0
CDKN2B	0	684	1
CDKN2B	1	83	0
CDON	0	684	1
CDON	1	83	0
CEACAM16	0	684	1
CEACAM16	1	83	0
CEL	0	683	2
CEL	1	83	0
CENPE	0	684	1
CENPE	1	83	0
CENPJ	0	683	2
CENPJ	1	83	0
CEP135	0	683	2
CEP135	1	83	0
CEP152	0	682	3
CEP152	1	83	0
CEP164	0	676	9
CEP164	1	83	0
CEP290	0	680	5
CEP290	1	82	1
CEP63	0	683	2
CEP63	1	83	0
CETP	0	684	1
CETP	1	82	1
CFAP206	0	676	9
CFAP206	1	82	1
CFH	0	675	10
CFH	1	82	1
CFHR2	0	676	9
CFHR2	1	81	2
CFHR3	0	684	1
CFHR3	1	83	0
CFHR4	0	682	3
CFHR4	1	83	0
CFHR5	0	682	3
CFHR5	1	83	0
CFI	0	683	2
CFI	1	83	0
CFTR	0	683	2
CFTR	1	83	0
CHD8	0	684	1
CHD8	1	83	0
CHEK1	0	673	12
CHEK1	1	79	4
CHEK2	0	683	2
CHEK2	1	82	1
CHIT1	0	678	7
CHIT1	1	83	0
CHKB	0	684	1
CHKB	1	83	0
CHMP1A	0	683	2
CHMP1A	1	83	0
CHMP2B	0	684	1
CHMP2B	1	83	0
CHRNA5	0	684	1
CHRNA5	1	83	0
CHRNB2	0	684	1
CHRNB2	1	83	0
CHRNB4	0	684	1
CHRNB4	1	83	0
CHRNE	0	682	3
CHRNE	1	83	0
CHRNG	0	684	1
CHRNG	1	83	0
CHST5	0	684	1
CHST5	1	83	0
CHST6	0	684	1
CHST6	1	83	0
CIDEC	0	684	1
CIDEC	1	83	0
CILP	0	683	2
CILP	1	83	0
CITED2	0	684	1
CITED2	1	83	0
CLCN1	0	667	18
CLCN1	1	77	6
CLCN2	0	684	1
CLCN2	1	83	0
CLCN7	0	680	5
CLCN7	1	82	1
CLCNKA	0	683	2
CLCNKA	1	83	0
CLCNKB	0	684	1
CLCNKB	1	83	0
CLDN14	0	685	0
CLDN14	1	83	0
CLIC5	0	684	1
CLIC5	1	83	0
CLN3	0	685	0
CLN3	1	83	0
CLRN1	0	684	1
CLRN1	1	83	0
CLU	0	685	0
CLU	1	82	1
CNGA3	0	684	1
CNGA3	1	83	0
CNGB1	0	685	0
CNGB1	1	82	1
CNGB3	0	675	10
CNGB3	1	83	0
CNTNAP2	0	684	1
CNTNAP2	1	83	0
COCH	0	684	1
COCH	1	83	0
COG5	0	684	1
COG5	1	83	0
COG6	0	683	2
COG6	1	83	0
COL10A1	0	684	1
COL10A1	1	83	0
COL11A1	0	685	0
COL11A1	1	83	0
COL18A1	0	670	15
COL18A1	1	82	1
COL1A2	0	685	0
COL1A2	1	82	1
COL4A1	0	685	0
COL4A1	1	83	0
COL4A2	0	680	5
COL4A2	1	82	1
COL4A3	0	684	1
COL4A3	1	83	0
COL4A4	0	684	1
COL4A4	1	83	0
COL6A3	0	684	1
COL6A3	1	83	0
COL7A1	0	674	11
COL7A1	1	82	1
COL9A2	0	674	11
COL9A2	1	81	2
COL9A3	0	682	3
COL9A3	1	83	0
COMP	0	685	0
COMP	1	83	0
COQ2	0	643	42
COQ2	1	81	2
COQ9	0	684	1
COQ9	1	83	0
CP	0	680	5
CP	1	83	0
CPA1	0	684	1
CPA1	1	83	0
CPLANE1	0	677	8
CPLANE1	1	83	0
CRB1	0	685	0
CRB1	1	83	0
CRBN	0	684	1
CRBN	1	83	0
CRLF1	0	685	0
CRLF1	1	83	0
CRPPA	0	684	1
CRPPA	1	83	0
CRYBA2	0	684	1
CRYBA2	1	83	0
CRYBA4	0	681	4
CRYBA4	1	82	1
CRYBB2	0	684	1
CRYBB2	1	83	0
CRYBB3	0	685	0
CRYBB3	1	83	0
CRYGD	0	678	7
CRYGD	1	82	1
CRYM	0	685	0
CRYM	1	83	0
CSF2RB	0	670	15
CSF2RB	1	82	1
CSPP1	0	685	0
CSPP1	1	83	0
CST3	0	681	4
CST3	1	83	0
CTC1	0	684	1
CTC1	1	83	0
CTNNA3	0	685	0
CTNNA3	1	82	1
CTPS1	0	684	1
CTPS1	1	83	0
CTSA	0	670	15
CTSA	1	80	3
CTSC	0	684	1
CTSC	1	83	0
CUBN	0	682	3
CUBN	1	83	0
CUBNP1	0	684	1
CUBNP1	1	83	0
CUL3	0	684	1
CUL3	1	83	0
CUL7	0	683	2
CUL7	1	83	0
CWF19L1	0	684	1
CWF19L1	1	83	0
CYBA	0	684	1
CYBA	1	83	0
CYP11A1	0	684	1
CYP11A1	1	83	0
CYP11B2	0	684	1
CYP11B2	1	83	0
CYP17A1	0	684	1
CYP17A1	1	83	0
CYP24A1	0	683	2
CYP24A1	1	83	0
CYP26C1	0	684	1
CYP26C1	1	83	0
CYP2A13	0	679	6
CYP2A13	1	82	1
CYP2A6	0	623	62
CYP2A6	1	76	7
CYP2B6	0	683	2
CYP2B6	1	83	0
CYP2C19	0	678	7
CYP2C19	1	83	0
CYP4F2	0	682	3
CYP4F2	1	83	0
CYP4V2	0	684	1
CYP4V2	1	81	2
DARS2	0	685	0
DARS2	1	82	1
DBH	0	684	1
DBH	1	82	1
DCHS1	0	685	0
DCHS1	1	83	0
DCLRE1C	0	683	2
DCLRE1C	1	83	0
DCLRE1CP1	0	683	2
DCLRE1CP1	1	83	0
DDHD2	0	683	2
DDHD2	1	83	0
DDX11	0	680	5
DDX11	1	82	1
DDX12P	0	684	1
DDX12P	1	82	1
DES	0	682	3
DES	1	83	0
DGAT1	0	684	1
DGAT1	1	83	0
DGUOK	0	684	1
DGUOK	1	83	0
DHCR7	0	671	14
DHCR7	1	80	3
DHODH	0	684	1
DHODH	1	83	0
DHTKD1	0	680	5
DHTKD1	1	83	0
DIAPH1	0	684	1
DIAPH1	1	83	0
DIAPH3	0	679	6
DIAPH3	1	81	2
DICER1	0	684	1
DICER1	1	83	0
DLD	0	684	1
DLD	1	83	0
DMGDH	0	684	1
DMGDH	1	83	0
DNA2	0	678	7
DNA2	1	82	1
DNAAF1	0	684	1
DNAAF1	1	83	0
DNAAF2	0	683	2
DNAAF2	1	83	0
DNAAF4	0	670	15
DNAAF4	1	83	0
DNAH11	0	682	3
DNAH11	1	82	1
DNAH5	0	683	2
DNAH5	1	82	1
DNAH9	0	626	59
DNAH9	1	76	7
DNAI2	0	684	1
DNAI2	1	83	0
DNAJB2	0	681	4
DNAJB2	1	83	0
DNASE1	0	684	1
DNASE1	1	82	1
DNASE1L3	0	684	1
DNASE1L3	1	83	0
DNMT3A	0	678	7
DNMT3A	1	83	0
DOCK6	0	684	1
DOCK6	1	83	0
DOCK7	0	683	2
DOCK7	1	83	0
DOCK8	0	684	1
DOCK8	1	83	0
DOLK	0	672	13
DOLK	1	82	1
DPYD	0	679	6
DPYD	1	83	0
DPYS	0	684	1
DPYS	1	83	0
DSC2	0	666	19
DSC2	1	81	2
DSC3	0	684	1
DSC3	1	83	0
DSG1-AS1	0	682	3
DSG1-AS1	1	83	0
DST	0	684	1
DST	1	82	1
DUOX1	0	682	3
DUOX1	1	83	0
DUOX2	0	675	10
DUOX2	1	82	1
DUOXA1	0	683	2
DUOXA1	1	83	0
DUOXA2	0	684	1
DUOXA2	1	83	0
DYNC2H1	0	683	2
DYNC2H1	1	81	2
DYNC2I1	0	681	4
DYNC2I1	1	83	0
DYNC2I2	0	685	0
DYNC2I2	1	82	1
DYRK1B	0	675	10
DYRK1B	1	83	0
DYSF	0	684	1
DYSF	1	83	0
EARS2	0	685	0
EARS2	1	82	1
ECEL1	0	684	1
ECEL1	1	83	0
EDN3	0	677	8
EDN3	1	83	0
EEF2	0	684	1
EEF2	1	83	0
EGF	0	681	4
EGF	1	79	4
EGLN1	0	683	2
EGLN1	1	83	0
EHMT1	0	677	8
EHMT1	1	82	1
EIF2AK4	0	681	4
EIF2AK4	1	83	0
EIF2B3	0	678	7
EIF2B3	1	83	0
EIF2B4	0	683	2
EIF2B4	1	83	0
ELAC2	0	683	2
ELAC2	1	83	0
ELMOD2	0	684	1
ELMOD2	1	83	0
ELOVL5	0	672	13
ELOVL5	1	80	3
EMP2	0	684	1
EMP2	1	83	0
EMX2	0	684	1
EMX2	1	83	0
ENAM	0	681	4
ENAM	1	83	0
ENO3	0	683	2
ENO3	1	83	0
EOGT	0	685	0
EOGT	1	82	1
EP300	0	664	21
EP300	1	80	3
EPB42	0	685	0
EPB42	1	82	1
EPS8	0	684	1
EPS8	1	83	0
ERBB2	0	684	1
ERBB2	1	83	0
ERCC2	0	682	3
ERCC2	1	83	0
ERCC3	0	682	3
ERCC3	1	83	0
ERCC6	0	683	2
ERCC6	1	83	0
ERCC6L2	0	683	2
ERCC6L2	1	83	0
ESCO2	0	677	8
ESCO2	1	83	0
ESPN	0	651	34
ESPN	1	74	9
ETFB	0	633	52
ETFB	1	77	6
ETFDH	0	675	10
ETFDH	1	83	0
ETHE1	0	684	1
ETHE1	1	83	0
EVC	0	684	1
EVC	1	83	0
EVI5	0	683	2
EVI5	1	83	0
EXO1	0	681	4
EXO1	1	82	1
EXOSC8	0	684	1
EXOSC8	1	83	0
EXPH5	0	684	1
EXPH5	1	83	0
EXT2	0	684	1
EXT2	1	83	0
EYA4	0	684	1
EYA4	1	83	0
EYS	0	681	4
EYS	1	82	1
F12	0	680	5
F12	1	83	0
F13B	0	685	0
F13B	1	82	1
F2	0	684	1
F2	1	83	0
F7	0	683	2
F7	1	83	0
FA2H	0	682	3
FA2H	1	83	0
FAM111A	0	666	19
FAM111A	1	81	2
FANCA	0	683	2
FANCA	1	83	0
FANCD2	0	685	0
FANCD2	1	82	1
FANCF	0	684	1
FANCF	1	83	0
FANCI	0	680	5
FANCI	1	83	0
FANCL	0	683	2
FANCL	1	83	0
FANCM	0	680	5
FANCM	1	83	0
FASLG	0	684	1
FASLG	1	83	0
FASN	0	684	1
FASN	1	83	0
FASTKD2	0	684	1
FASTKD2	1	83	0
FBLN1	0	684	1
FBLN1	1	83	0
FBXL4	0	682	3
FBXL4	1	83	0
FCGR2A	0	664	21
FCGR2A	1	81	2
FCGR3B	0	684	1
FCGR3B	1	83	0
FCN3	0	668	17
FCN3	1	81	2
FFAR4	0	684	1
FFAR4	1	83	0
FGA	0	684	1
FGA	1	83	0
FGFR1	0	667	18
FGFR1	1	80	3
FIG4	0	682	3
FIG4	1	83	0
FKBP10	0	684	1
FKBP10	1	82	1
FKBP14	0	681	4
FKBP14	1	82	1
FKRP	0	683	2
FKRP	1	83	0
FKTN	0	684	1
FKTN	1	83	0
FLG	0	589	96
FLG	1	66	17
FLNB	0	684	1
FLNB	1	83	0
FLNC	0	683	2
FLNC	1	83	0
FLT3	0	684	1
FLT3	1	83	0
FOLH1	0	684	1
FOLH1	1	83	0
FOLR1	0	683	2
FOLR1	1	82	1
FOXL2	0	684	1
FOXL2	1	83	0
FOXP2	0	685	0
FOXP2	1	83	0
FOXRED1	0	684	1
FOXRED1	1	83	0
FRAS1	0	683	2
FRAS1	1	81	2
FREM1	0	681	4
FREM1	1	83	0
FREM2	0	682	3
FREM2	1	82	1
FSCN2	0	678	7
FSCN2	1	81	2
FTCD	0	684	1
FTCD	1	83	0
FTO	0	685	0
FTO	1	82	1
FUS	0	685	0
FUS	1	83	0
FUT6	0	668	17
FUT6	1	83	0
G6PC	0	684	1
G6PC	1	83	0
GAA	0	682	3
GAA	1	83	0
GABRB3	0	684	1
GABRB3	1	83	0
GABRD	0	684	1
GABRD	1	83	0
GALC	0	685	0
GALC	1	82	1
GALK1	0	684	1
GALK1	1	83	0
GATA3	0	685	0
GATA3	1	83	0
GBA2	0	683	2
GBA2	1	83	0
GBE1	0	684	1
GBE1	1	83	0
GC	0	655	30
GC	1	77	6
GCKR	0	682	3
GCKR	1	83	0
GCNT2	0	683	2
GCNT2	1	83	0
GFER	0	684	1
GFER	1	83	0
GFM2	0	684	1
GFM2	1	83	0
GGCX	0	684	1
GGCX	1	83	0
GHRL	0	684	1
GHRL	1	83	0
GIPC3	0	679	6
GIPC3	1	83	0
GJA1	0	677	8
GJA1	1	82	1
GJA5	0	683	2
GJA5	1	83	0
GJA8	0	684	1
GJA8	1	83	0
GJB2	0	656	29
GJB2	1	83	0
GJB4	0	618	67
GJB4	1	75	8
GJB6	0	685	0
GJB6	1	82	1
GJC2	0	682	3
GJC2	1	83	0
GMPPB	0	684	1
GMPPB	1	83	0
GNA11	0	684	1
GNA11	1	83	0
GNAO1	0	673	12
GNAO1	1	80	3
GNRH1	0	684	1
GNRH1	1	83	0
GNRHR	0	681	4
GNRHR	1	83	0
GNS	0	684	1
GNS	1	83	0
GORAB	0	683	2
GORAB	1	83	0
GP1BA	0	683	2
GP1BA	1	82	1
GP9	0	684	1
GP9	1	83	0
GPSM2	0	683	2
GPSM2	1	83	0
GRHL2	0	663	22
GRHL2	1	82	1
GRHPR	0	685	0
GRHPR	1	83	0
GRIN1	0	685	0
GRIN1	1	82	1
GRIN2A	0	627	58
GRIN2A	1	77	6
GRM6	0	684	1
GRM6	1	83	0
GRXCR2	0	684	1
GRXCR2	1	83	0
GSDME	0	682	3
GSDME	1	83	0
GTF2H5	0	684	1
GTF2H5	1	83	0
GUCA1B	0	683	2
GUCA1B	1	82	1
GUCY2D	0	684	1
GUCY2D	1	83	0
GUSB	0	684	1
GUSB	1	83	0
GYG1	0	684	1
GYG1	1	83	0
GYS2	0	683	2
GYS2	1	83	0
HADHA	0	684	1
HADHA	1	83	0
HAL	0	682	3
HAL	1	82	1
HEXA	0	684	1
HEXA	1	83	0
HGD	0	684	1
HGD	1	83	0
HGF	0	684	1
HGF	1	83	0
HIBCH	0	683	2
HIBCH	1	83	0
HIP1	0	671	14
HIP1	1	83	0
HMCN1	0	667	18
HMCN1	1	82	1
HMGCS2	0	684	1
HMGCS2	1	83	0
HOXB13	0	683	2
HOXB13	1	83	0
HOXD10	0	684	1
HOXD10	1	83	0
HOXD13	0	684	1
HOXD13	1	83	0
HPD	0	684	1
HPD	1	83	0
HPGD	0	684	1
HPGD	1	83	0
HPS1	0	684	1
HPS1	1	82	1
HPS3	0	683	2
HPS3	1	83	0
HPS5	0	684	1
HPS5	1	83	0
HPS6	0	685	0
HPS6	1	82	1
HR	0	685	0
HR	1	83	0
HSF4	0	684	1
HSF4	1	83	0
HSPB3	0	684	1
HSPB3	1	83	0
HTT	0	685	0
HTT	1	83	0
HYDIN	0	683	2
HYDIN	1	83	0
HYDIN2	0	678	7
HYDIN2	1	83	0
HYLS1	0	683	2
HYLS1	1	83	0
IBA57	0	684	1
IBA57	1	83	0
ICAM4	0	682	3
ICAM4	1	83	0
IDH1	0	682	3
IDH1	1	83	0
IDUA	0	682	3
IDUA	1	81	2
IFIH1	0	668	17
IFIH1	1	80	3
IFITM5	0	684	1
IFITM5	1	83	0
IFNAR2	0	684	1
IFNAR2	1	83	0
IFNGR1	0	684	1
IFNGR1	1	83	0
IFNL1	0	684	1
IFNL1	1	83	0
IFNL2	0	684	1
IFNL2	1	83	0
IFT140	0	684	1
IFT140	1	83	0
IFT172	0	681	4
IFT172	1	83	0
IFT43	0	684	1
IFT43	1	83	0
IGFALS	0	684	1
IGFALS	1	83	0
IGLL1	0	683	2
IGLL1	1	82	1
IL10RB	0	684	1
IL10RB	1	83	0
IL12RB1	0	684	1
IL12RB1	1	83	0
IL23R	0	675	10
IL23R	1	83	0
IL36RN	0	684	1
IL36RN	1	83	0
IL7R	0	684	1
IL7R	1	83	0
ILK	0	684	1
ILK	1	83	0
IMPG2	0	684	1
IMPG2	1	83	0
INPP5E	0	684	1
INPP5E	1	83	0
INVS	0	683	2
INVS	1	82	1
IQCB1	0	685	0
IQCB1	1	82	1
IRAK4	0	684	1
IRAK4	1	83	0
IRS1	0	681	4
IRS1	1	82	1
IRS2	0	683	2
IRS2	1	83	0
ITGA2	0	683	2
ITGA2	1	83	0
ITGA3	0	684	1
ITGA3	1	83	0
ITGA6	0	682	3
ITGA6	1	83	0
ITGA7	0	684	1
ITGA7	1	82	1
ITGAD	0	684	1
ITGAD	1	83	0
ITGAM	0	684	1
ITGAM	1	83	0
ITGB4	0	684	1
ITGB4	1	83	0
ITK	0	684	1
ITK	1	83	0
ITM2B	0	682	3
ITM2B	1	82	1
ITPA	0	683	2
ITPA	1	83	0
ITPR1	0	684	1
ITPR1	1	83	0
JAGN1	0	682	3
JAGN1	1	82	1
JAK3	0	683	2
JAK3	1	83	0
JAM3	0	684	1
JAM3	1	83	0
KANK1	0	685	0
KANK1	1	83	0
KATNAL2	0	631	54
KATNAL2	1	77	6
KCNA5	0	685	0
KCNA5	1	82	1
KCNH2	0	680	5
KCNH2	1	83	0
KCNQ1	0	684	1
KCNQ1	1	83	0
KCNV2	0	683	2
KCNV2	1	83	0
KIF14	0	684	1
KIF14	1	83	0
KIF1C	0	685	0
KIF1C	1	83	0
KIF21A	0	677	8
KIF21A	1	83	0
KIF7	0	684	1
KIF7	1	83	0
KISS1	0	684	1
KISS1	1	83	0
KISS1R	0	684	1
KISS1R	1	83	0
KITLG	0	684	1
KITLG	1	83	0
KL	0	684	1
KL	1	82	1
KLF11	0	684	1
KLF11	1	83	0
KLHL41	0	682	3
KLHL41	1	83	0
KPTN	0	684	1
KPTN	1	83	0
KRT16P3	0	655	30
KRT16P3	1	79	4
KRT17	0	684	1
KRT17	1	83	0
KRT3	0	684	1
KRT3	1	83	0
KRT4	0	684	1
KRT4	1	83	0
KRT6A	0	684	1
KRT6A	1	83	0
KRT74	0	684	1
KRT74	1	83	0
KRT75	0	684	1
KRT75	1	83	0
KRT83	0	674	11
KRT83	1	81	2
LAMA1	0	684	1
LAMA1	1	83	0
LAMA2	0	667	18
LAMA2	1	81	2
LAMA3	0	685	0
LAMA3	1	82	1
LAMA4	0	685	0
LAMA4	1	82	1
LAMB1	0	684	1
LAMB1	1	83	0
LAMB3	0	681	4
LAMB3	1	83	0
LAMC3	0	683	2
LAMC3	1	82	1
LARGE1	0	685	0
LARGE1	1	82	1
LARP7	0	684	1
LARP7	1	82	1
LCA5	0	684	1
LCA5	1	82	1
LCAT	0	684	1
LCAT	1	83	0
LDB3	0	671	14
LDB3	1	81	2
LEFTY1	0	685	0
LEFTY1	1	82	1
LGI1	0	682	3
LGI1	1	82	1
LHCGR	0	684	1
LHCGR	1	83	0
LIAS	0	684	1
LIAS	1	83	0
LIG4	0	685	0
LIG4	1	83	0
LIPA	0	685	0
LIPA	1	82	1
LIPC	0	683	2
LIPC	1	83	0
LIPN	0	684	1
LIPN	1	82	1
LMBRD1	0	684	1
LMBRD1	1	83	0
LOXHD1	0	662	23
LOXHD1	1	78	5
LOXL1	0	684	1
LOXL1	1	83	0
LPAR6	0	672	13
LPAR6	1	80	3
LRBA	0	683	2
LRBA	1	83	0
LRP8	0	684	1
LRP8	1	83	0
LRPAP1	0	684	1
LRPAP1	1	83	0
LRPPRC	0	684	1
LRPPRC	1	83	0
LRRC6	0	684	1
LRRC6	1	83	0
LRRK2	0	682	3
LRRK2	1	83	0
LRTOMT	0	684	1
LRTOMT	1	83	0
LTBP4	0	684	1
LTBP4	1	83	0
LYRM4	0	684	1
LYRM4	1	83	0
LYST	0	678	7
LYST	1	82	1
LZTFL1	0	685	0
LZTFL1	1	83	0
LZTR1	0	683	2
LZTR1	1	83	0
MAD1L1	0	682	3
MAD1L1	1	83	0
MALT1	0	684	1
MALT1	1	83	0
MAN2B1	0	683	2
MAN2B1	1	83	0
MAP3K1	0	683	2
MAP3K1	1	83	0
MARS1	0	684	1
MARS1	1	83	0
MARS2	0	683	2
MARS2	1	83	0
MASP2	0	684	1
MASP2	1	83	0
MASTL	0	683	2
MASTL	1	83	0
MAT1A	0	684	1
MAT1A	1	83	0
MATN3	0	683	2
MATN3	1	83	0
MATR3	0	682	3
MATR3	1	83	0
MBL2	0	684	1
MBL2	1	83	0
MC1R	0	682	3
MC1R	1	83	0
MCEE	0	683	2
MCEE	1	83	0
MCOLN1	0	684	1
MCOLN1	1	83	0
MCPH1	0	684	1
MCPH1	1	82	1
MED13L	0	683	2
MED13L	1	82	1
MEFV	0	684	1
MEFV	1	83	0
MEGF8	0	684	1
MEGF8	1	83	0
MERTK	0	680	5
MERTK	1	83	0
MESP2	0	684	1
MESP2	1	83	0
METTL23	0	683	2
METTL23	1	83	0
MFF	0	680	5
MFF	1	82	1
MFRP	0	684	1
MFRP	1	83	0
MFSD8	0	684	1
MFSD8	1	83	0
MGP	0	684	1
MGP	1	83	0
MIB1	0	684	1
MIB1	1	83	0
MLH3	0	685	0
MLH3	1	82	1
MLPH	0	683	2
MLPH	1	83	0
MMAA	0	684	1
MMAA	1	83	0
MMACHC	0	684	1
MMACHC	1	83	0
MMP1	0	633	52
MMP1	1	81	2
MMP20	0	684	1
MMP20	1	83	0
MMP9	0	685	0
MMP9	1	82	1
MOGS	0	684	1
MOGS	1	83	0
MPI	0	684	1
MPI	1	83	0
MPLKIP	0	684	1
MPLKIP	1	83	0
MPO	0	668	17
MPO	1	81	2
MRE11	0	684	1
MRE11	1	83	0
MRPL3	0	684	1
MRPL3	1	83	0
MRPS22	0	685	0
MRPS22	1	83	0
MS4A2	0	682	3
MS4A2	1	83	0
MSH3	0	681	4
MSH3	1	83	0
MSH6	0	683	2
MSH6	1	83	0
MSR1	0	673	12
MSR1	1	82	1
MSTN	0	684	1
MSTN	1	83	0
MTFMT	0	683	2
MTFMT	1	83	0
MTHFR	0	684	1
MTHFR	1	83	0
MTMR14	0	684	1
MTMR14	1	83	0
MTMR2	0	675	10
MTMR2	1	82	1
MTO1	0	685	0
MTO1	1	83	0
MTR	0	674	11
MTR	1	82	1
MUC1	0	685	0
MUC1	1	83	0
MUC5B	0	667	18
MUC5B	1	82	1
MUTYH	0	684	1
MUTYH	1	82	1
MYF6	0	684	1
MYF6	1	83	0
MYH1	0	684	1
MYH1	1	82	1
MYH2	0	685	0
MYH2	1	82	1
MYH6	0	680	5
MYH6	1	83	0
MYH8	0	675	10
MYH8	1	81	2
MYLK	0	684	1
MYLK	1	83	0
MYLKP1	0	639	46
MYLKP1	1	80	3
MYO15A	0	679	6
MYO15A	1	82	1
MYO1A	0	682	3
MYO1A	1	82	1
MYO1C	0	678	7
MYO1C	1	83	0
MYO1F	0	684	1
MYO1F	1	83	0
MYO3A	0	681	4
MYO3A	1	82	1
MYO5B	0	684	1
MYO5B	1	83	0
MYO7A	0	684	1
MYO7A	1	83	0
MYO9B	0	670	15
MYO9B	1	80	3
MYOC	0	682	3
MYOC	1	83	0
MYOT	0	684	1
MYOT	1	83	0
MYOZ2	0	684	1
MYOZ2	1	83	0
MYPN	0	684	1
MYPN	1	83	0
NAGLU	0	684	1
NAGLU	1	83	0
NAGPA	0	669	16
NAGPA	1	82	1
NARS2	0	684	1
NARS2	1	83	0
NBAS	0	679	6
NBAS	1	83	0
NBEAL2	0	683	2
NBEAL2	1	82	1
NBN	0	681	4
NBN	1	82	1
NCF1	0	684	1
NCF1	1	83	0
NDUFA12	0	684	1
NDUFA12	1	83	0
NDUFA7	0	685	0
NDUFA7	1	83	0
NDUFA9	0	684	1
NDUFA9	1	83	0
NDUFAF3	0	684	1
NDUFAF3	1	83	0
NDUFAF6	0	682	3
NDUFAF6	1	83	0
NDUFAF7	0	637	48
NDUFAF7	1	74	9
NDUFB3	0	684	1
NDUFB3	1	83	0
NDUFB9	0	683	2
NDUFB9	1	83	0
NDUFS3	0	683	2
NDUFS3	1	83	0
NDUFS4	0	684	1
NDUFS4	1	83	0
NDUFV3	0	674	11
NDUFV3	1	81	2
NEB	0	672	13
NEB	1	81	2
NEBL	0	678	7
NEBL	1	83	0
NEDD4	0	684	1
NEDD4	1	83	0
NEFL	0	684	1
NEFL	1	83	0
NEK1	0	683	2
NEK1	1	83	0
NEK2	0	684	1
NEK2	1	83	0
NEK8	0	684	1
NEK8	1	83	0
NF1	0	684	1
NF1	1	82	1
NFKB2	0	681	4
NFKB2	1	82	1
NFU1	0	684	1
NFU1	1	83	0
NGF	0	685	0
NGF	1	83	0
NGLY1	0	684	1
NGLY1	1	83	0
NKX2-1	0	684	1
NKX2-1	1	83	0
NLRC4	0	681	4
NLRC4	1	81	2
NOD2	0	618	67
NOD2	1	73	10
NOL3	0	684	1
NOL3	1	83	0
NOS3	0	684	1
NOS3	1	83	0
NOTCH1	0	684	1
NOTCH1	1	83	0
NOTCH3	0	683	2
NOTCH3	1	83	0
NPC1	0	684	1
NPC1	1	83	0
NPC2	0	684	1
NPC2	1	83	0
NPHP3	0	683	2
NPHP3	1	82	1
NPHP4	0	684	1
NPHP4	1	82	1
NPHS2	0	684	1
NPHS2	1	83	0
NPSR1	0	683	2
NPSR1	1	82	1
NR2E3	0	684	1
NR2E3	1	83	0
NR3C1	0	684	1
NR3C1	1	83	0
NR4A2	0	685	0
NR4A2	1	83	0
NR5A2	0	684	1
NR5A2	1	83	0
NSD2	0	683	2
NSD2	1	81	2
NTHL1	0	680	5
NTHL1	1	83	0
NTRK1	0	683	2
NTRK1	1	83	0
OBSL1	0	669	16
OBSL1	1	82	1
OPRM1	0	684	1
OPRM1	1	83	0
OPTN	0	682	3
OPTN	1	83	0
ORAI1	0	675	10
ORAI1	1	81	2
ORC4	0	684	1
ORC4	1	83	0
ORC6	0	684	1
ORC6	1	83	0
OTOA	0	633	52
OTOA	1	77	6
OTOF	0	683	2
OTOF	1	83	0
OTOG	0	676	9
OTOG	1	83	0
OTOGL	0	682	3
OTOGL	1	82	1
OXA1L	0	680	5
OXA1L	1	83	0
P2RX2	0	682	3
P2RX2	1	83	0
PADI4	0	682	3
PADI4	1	83	0
PAFAH1B1	0	684	1
PAFAH1B1	1	83	0
PAH	0	684	1
PAH	1	83	0
PAX4	0	683	2
PAX4	1	83	0
PCARE	0	684	1
PCARE	1	82	1
PCDH15	0	684	1
PCDH15	1	83	0
PCK2	0	683	2
PCK2	1	82	1
PCSK1	0	685	0
PCSK1	1	83	0
PCSK9	0	684	1
PCSK9	1	83	0
PDE11A	0	676	9
PDE11A	1	80	3
PDE6B	0	633	52
PDE6B	1	74	9
PDE6C	0	684	1
PDE6C	1	83	0
PDE6H	0	684	1
PDE6H	1	83	0
PDSS2	0	684	1
PDSS2	1	83	0
PDX1	0	684	1
PDX1	1	83	0
PDZD7	0	684	1
PDZD7	1	83	0
PEX1	0	672	13
PEX1	1	80	3
PEX14	0	684	1
PEX14	1	83	0
PEX7	0	678	7
PEX7	1	83	0
PFKM	0	685	0
PFKM	1	82	1
PFN1	0	681	4
PFN1	1	82	1
PGAM2	0	685	0
PGAM2	1	83	0
PHC1	0	681	4
PHC1	1	83	0
PHKB	0	661	24
PHKB	1	81	2
PIEZO1	0	647	38
PIEZO1	1	79	4
PIGO	0	683	2
PIGO	1	83	0
PIGT	0	684	1
PIGT	1	83	0
PIGV	0	684	1
PIGV	1	83	0
PIKFYVE	0	684	1
PIKFYVE	1	82	1
PKHD1	0	682	3
PKHD1	1	82	1
PKP2	0	684	1
PKP2	1	83	0
PLA2G7	0	684	1
PLA2G7	1	83	0
PLCE1	0	684	1
PLCE1	1	83	0
PLEC	0	684	1
PLEC	1	83	0
PLEKHG5	0	684	1
PLEKHG5	1	83	0
PLOD2	0	684	1
PLOD2	1	83	0
PMM2	0	684	1
PMM2	1	83	0
PMP22	0	680	5
PMP22	1	83	0
PMS1	0	684	1
PMS1	1	82	1
PNKD	0	683	2
PNKD	1	83	0
PNKP	0	681	4
PNKP	1	83	0
PNPLA1	0	663	22
PNPLA1	1	82	1
PNPLA3	0	684	1
PNPLA3	1	83	0
PNPLA6	0	684	1
PNPLA6	1	83	0
POGLUT1	0	683	2
POGLUT1	1	83	0
POLE	0	682	3
POLE	1	83	0
POLG	0	684	1
POLG	1	83	0
POLR3B	0	683	2
POLR3B	1	83	0
POM121L9P	0	677	8
POM121L9P	1	81	2
POMC	0	683	2
POMC	1	82	1
POMGNT1	0	682	3
POMGNT1	1	83	0
POMK	0	683	2
POMK	1	83	0
POMP	0	684	1
POMP	1	83	0
POMT1	0	678	7
POMT1	1	83	0
POMT2	0	684	1
POMT2	1	83	0
POR	0	684	1
POR	1	83	0
PPP2R1B	0	684	1
PPP2R1B	1	83	0
PRDM5	0	684	1
PRDM5	1	83	0
PRF1	0	684	1
PRF1	1	83	0
PRIMPOL	0	683	2
PRIMPOL	1	83	0
PROS1	0	685	0
PROS1	1	83	0
PRPF6	0	682	3
PRPF6	1	83	0
PRPH	0	680	5
PRPH	1	82	1
PRPS1L1	0	657	28
PRPS1L1	1	82	1
PRSS12	0	674	11
PRSS12	1	81	2
PRX	0	683	2
PRX	1	83	0
PSAT1	0	684	1
PSAT1	1	83	0
PSMA6	0	684	1
PSMA6	1	83	0
PSPHP1	0	673	12
PSPHP1	1	79	4
PTCH2	0	682	3
PTCH2	1	82	1
PTGIS	0	682	3
PTGIS	1	83	0
PTH	0	684	1
PTH	1	83	0
PTPN22	0	681	4
PTPN22	1	81	2
PTPRC	0	685	0
PTPRC	1	83	0
PTPRQ	0	684	1
PTPRQ	1	82	1
PTS	0	684	1
PTS	1	83	0
PUS1	0	684	1
PUS1	1	83	0
PYCR1	0	684	1
PYCR1	1	83	0
PYGL	0	684	1
PYGL	1	83	0
PYGM	0	684	1
PYGM	1	83	0
RAB18	0	676	9
RAB18	1	83	0
RAB27A	0	684	1
RAB27A	1	83	0
RAB3GAP1	0	684	1
RAB3GAP1	1	83	0
RAB3GAP2	0	684	1
RAB3GAP2	1	83	0
RAD21	0	681	4
RAD21	1	83	0
RAD50	0	644	41
RAD50	1	76	7
RAD51B	0	684	1
RAD51B	1	83	0
RAD54B	0	684	1
RAD54B	1	83	0
RAG1	0	684	1
RAG1	1	83	0
RAG2	0	684	1
RAG2	1	83	0
RANGRF	0	675	10
RANGRF	1	82	1
RARS2	0	684	1
RARS2	1	83	0
RASA1	0	681	4
RASA1	1	83	0
RBBP8	0	680	5
RBBP8	1	83	0
RBP3	0	684	1
RBP3	1	83	0
RCBTB1	0	684	1
RCBTB1	1	83	0
RD3	0	684	1
RD3	1	83	0
RDH11	0	684	1
RDH11	1	83	0
RDH5	0	684	1
RDH5	1	83	0
RECQL4	0	683	2
RECQL4	1	83	0
REEP2	0	684	1
REEP2	1	83	0
RELN	0	681	4
RELN	1	83	0
RFX5	0	684	1
RFX5	1	83	0
RFXAP	0	685	0
RFXAP	1	82	1
RGR	0	685	0
RGR	1	83	0
RGS9	0	684	1
RGS9	1	82	1
RGS9BP	0	682	3
RGS9BP	1	83	0
RIMS1	0	684	1
RIMS1	1	83	0
RIN2	0	682	3
RIN2	1	83	0
RIPK4	0	680	5
RIPK4	1	82	1
RMND1	0	684	1
RMND1	1	83	0
RNASEH2A	0	684	1
RNASEH2A	1	83	0
RNASEH2B	0	680	5
RNASEH2B	1	83	0
RNASEL	0	675	10
RNASEL	1	82	1
RNASET2	0	684	1
RNASET2	1	83	0
RNF212	0	681	4
RNF212	1	83	0
RNF213	0	683	2
RNF213	1	82	1
ROBO3	0	684	1
ROBO3	1	83	0
ROM1	0	679	6
ROM1	1	83	0
RP1	0	684	1
RP1	1	83	0
RP1L1	0	675	10
RP1L1	1	83	0
RPE65	0	683	2
RPE65	1	83	0
RPGRIP1	0	684	1
RPGRIP1	1	83	0
RPGRIP1L	0	684	1
RPGRIP1L	1	83	0
RSPH1	0	685	0
RSPH1	1	82	1
RTEL1-TNFRSF6B	0	684	1
RTEL1-TNFRSF6B	1	82	1
RTN2	0	683	2
RTN2	1	83	0
RTTN	0	684	1
RTTN	1	82	1
RYR1	0	680	5
RYR1	1	82	1
RYR2	0	668	17
RYR2	1	81	2
SACS	0	678	7
SACS	1	82	1
SALL2	0	683	2
SALL2	1	83	0
SAMHD1	0	684	1
SAMHD1	1	83	0
SARDH	0	683	2
SARDH	1	83	0
SBDS	0	676	9
SBDS	1	83	0
SBF1	0	682	3
SBF1	1	83	0
SBF2-AS1	0	678	7
SBF2-AS1	1	83	0
SCN10A	0	642	43
SCN10A	1	80	3
SCN11A	0	684	1
SCN11A	1	83	0
SCN4A	0	678	7
SCN4A	1	83	0
SCN9A	0	684	1
SCN9A	1	83	0
SCNN1B	0	684	1
SCNN1B	1	83	0
SCO2	0	683	2
SCO2	1	83	0
SCP2	0	680	5
SCP2	1	83	0
SDHA	0	642	43
SDHA	1	80	3
SDHAP1	0	630	55
SDHAP1	1	80	3
SEC23B	0	684	1
SEC23B	1	83	0
SEC63	0	674	11
SEC63	1	81	2
SELENON	0	684	1
SELENON	1	83	0
SELP	0	683	2
SELP	1	83	0
SEMA3E	0	677	8
SEMA3E	1	83	0
SEMA4A	0	683	2
SEMA4A	1	83	0
SEPTIN12	0	683	2
SEPTIN12	1	83	0
SERPINA3	0	684	1
SERPINA3	1	82	1
SERPING1	0	684	1
SERPING1	1	83	0
SERPINI1	0	684	1
SERPINI1	1	83	0
SETBP1	0	684	1
SETBP1	1	83	0
SETD5	0	684	1
SETD5	1	83	0
SETX	0	683	2
SETX	1	83	0
SFTPA1	0	683	2
SFTPA1	1	82	1
SFTPB	0	684	1
SFTPB	1	83	0
SFXN4	0	682	3
SFXN4	1	82	1
SGCB	0	684	1
SGCB	1	83	0
SH3BP2	0	683	2
SH3BP2	1	83	0
SH3PXD2B	0	684	1
SH3PXD2B	1	83	0
SH3TC2	0	684	1
SH3TC2	1	82	1
SHANK2	0	684	1
SHANK2	1	83	0
SHMT1	0	682	3
SHMT1	1	83	0
SI	0	682	3
SI	1	83	0
SIAE	0	683	2
SIAE	1	83	0
SIL1	0	684	1
SIL1	1	83	0
SIM1	0	684	1
SIM1	1	83	0
SIX3	0	682	3
SIX3	1	83	0
SLC10A2	0	684	1
SLC10A2	1	83	0
SLC12A3	0	684	1
SLC12A3	1	83	0
SLC12A6	0	684	1
SLC12A6	1	83	0
SLC19A2	0	685	0
SLC19A2	1	83	0
SLC22A5	0	684	1
SLC22A5	1	83	0
SLC24A1	0	684	1
SLC24A1	1	83	0
SLC25A2	0	669	16
SLC25A2	1	81	2
SLC25A20	0	685	0
SLC25A20	1	83	0
SLC26A2	0	685	0
SLC26A2	1	82	1
SLC26A3	0	684	1
SLC26A3	1	83	0
SLC26A4	0	683	2
SLC26A4	1	83	0
SLC26A5	0	672	13
SLC26A5	1	80	3
SLC27A4	0	684	1
SLC27A4	1	83	0
SLC2A2	0	684	1
SLC2A2	1	83	0
SLC2A9	0	683	2
SLC2A9	1	83	0
SLC34A1	0	677	8
SLC34A1	1	82	1
SLC34A3	0	677	8
SLC34A3	1	82	1
SLC35D1	0	683	2
SLC35D1	1	83	0
SLC37A4	0	0	685
SLC37A4	1	0	83
SLC38A8	0	684	1
SLC38A8	1	83	0
SLC39A5	0	678	7
SLC39A5	1	83	0
SLC4A10	0	684	1
SLC4A10	1	83	0
SLC4A11	0	649	36
SLC4A11	1	79	4
SLC5A1	0	684	1
SLC5A1	1	83	0
SLC5A2	0	684	1
SLC5A2	1	83	0
SLC6A2	0	684	1
SLC6A2	1	83	0
SLC6A20	0	682	3
SLC6A20	1	83	0
SLC9A9	0	684	1
SLC9A9	1	83	0
SLCO1B1	0	684	1
SLCO1B1	1	83	0
SLCO1B3	0	675	10
SLCO1B3	1	82	1
SLCO1B7	0	680	5
SLCO1B7	1	82	1
SLMAP	0	679	6
SLMAP	1	83	0
SLX4	0	681	4
SLX4	1	82	1
SMAD4	0	674	11
SMAD4	1	80	3
SMARCA2	0	684	1
SMARCA2	1	83	0
SMARCA4	0	684	1
SMARCA4	1	83	0
SMARCAL1	0	684	1
SMARCAL1	1	83	0
SMCHD1	0	684	1
SMCHD1	1	83	0
SMOC1	0	685	0
SMOC1	1	82	1
SMPD1	0	668	17
SMPD1	1	81	2
SOST	0	684	1
SOST	1	83	0
SPAG1	0	683	2
SPAG1	1	83	0
SPATA16	0	685	0
SPATA16	1	83	0
SPEG	0	683	2
SPEG	1	83	0
SPG11	0	682	3
SPG11	1	83	0
SPG21	0	685	0
SPG21	1	82	1
SPINK1	0	683	2
SPINK1	1	83	0
SPINK5	0	683	2
SPINK5	1	83	0
SPTA1	0	685	0
SPTA1	1	83	0
SPTB	0	685	0
SPTB	1	83	0
SPTBN2	0	683	2
SPTBN2	1	83	0
SQSTM1	0	684	1
SQSTM1	1	83	0
SRCAP	0	680	5
SRCAP	1	81	2
ST3GAL5	0	684	1
ST3GAL5	1	83	0
STAC3	0	685	0
STAC3	1	82	1
STAT2	0	684	1
STAT2	1	83	0
STAT5B	0	681	4
STAT5B	1	83	0
STIL	0	681	4
STIL	1	83	0
STIM1	0	677	8
STIM1	1	83	0
STING1	0	683	2
STING1	1	83	0
STOX1	0	685	0
STOX1	1	83	0
STRA6	0	684	1
STRA6	1	83	0
STRC	0	683	2
STRC	1	83	0
STT3A	0	683	2
STT3A	1	83	0
STXBP2	0	684	1
STXBP2	1	83	0
SUCLA2	0	684	1
SUCLA2	1	83	0
SUGCT	0	684	1
SUGCT	1	83	0
SURF1	0	684	1
SURF1	1	83	0
SYCP3	0	673	12
SYCP3	1	82	1
SYNE1	0	681	4
SYNE1	1	83	0
SYNE2	0	684	1
SYNE2	1	83	0
SYNE4	0	684	1
SYNE4	1	83	0
SZT2	0	683	2
SZT2	1	83	0
TBCE	0	682	3
TBCE	1	82	1
TBX19	0	683	2
TBX19	1	83	0
TBXAS1	0	683	2
TBXAS1	1	83	0
TCIRG1	0	684	1
TCIRG1	1	82	1
TCN1	0	684	1
TCN1	1	83	0
TCTN2	0	685	0
TCTN2	1	83	0
TCTN3	0	684	1
TCTN3	1	83	0
TECR	0	684	1
TECR	1	83	0
TEK	0	684	1
TEK	1	83	0
TET2	0	678	7
TET2	1	82	1
TG	0	681	4
TG	1	82	1
TGFBI	0	685	0
TGFBI	1	82	1
TGM1	0	685	0
TGM1	1	82	1
TGM5	0	684	1
TGM5	1	83	0
TGM6	0	684	1
TGM6	1	82	1
TH	0	684	1
TH	1	83	0
TIRAP	0	684	1
TIRAP	1	82	1
TLDC2	0	681	4
TLDC2	1	82	1
TLR1	0	684	1
TLR1	1	82	1
TLR2	0	682	3
TLR2	1	83	0
TLR5	0	635	50
TLR5	1	78	5
TMC1	0	684	1
TMC1	1	83	0
TMC6	0	683	2
TMC6	1	83	0
TMC8	0	684	1
TMC8	1	83	0
TMEM126A	0	685	0
TMEM126A	1	82	1
TMEM67	0	684	1
TMEM67	1	83	0
TMEM70	0	683	2
TMEM70	1	83	0
TMPRSS3	0	684	1
TMPRSS3	1	83	0
TMPRSS5	0	677	8
TMPRSS5	1	82	1
TNFRSF1A	0	684	1
TNFRSF1A	1	83	0
TNFSF11	0	685	0
TNFSF11	1	83	0
TNNT2	0	684	1
TNNT2	1	83	0
TNNT3	0	668	17
TNNT3	1	82	1
TOPORS	0	683	2
TOPORS	1	83	0
TOR1AIP1	0	677	8
TOR1AIP1	1	83	0
TPCN2	0	683	2
TPCN2	1	83	0
TPI1	0	683	2
TPI1	1	83	0
TPMT	0	683	2
TPMT	1	83	0
TPP1	0	682	3
TPP1	1	83	0
TPRN	0	684	1
TPRN	1	83	0
TRAPPC11	0	684	1
TRAPPC11	1	83	0
TRAPPC2B	0	685	0
TRAPPC2B	1	83	0
TRDN	0	683	2
TRDN	1	83	0
TRIM32	0	684	1
TRIM32	1	83	0
TRIOBP	0	680	5
TRIOBP	1	83	0
TRMT10A	0	684	1
TRMT10A	1	83	0
TRNT1	0	684	1
TRNT1	1	83	0
TRPC6	0	685	0
TRPC6	1	82	1
TRPM4	0	680	5
TRPM4	1	82	1
TRPV4	0	683	2
TRPV4	1	83	0
TSEN54	0	683	2
TSEN54	1	83	0
TSFM	0	681	4
TSFM	1	83	0
TSHZ1	0	662	23
TSHZ1	1	79	4
TSPEAR	0	684	1
TSPEAR	1	83	0
TTBK2	0	684	1
TTBK2	1	83	0
TTC21B	0	684	1
TTC21B	1	83	0
TTC37	0	685	0
TTC37	1	83	0
TTC7A	0	683	2
TTC7A	1	83	0
TTC8	0	684	1
TTC8	1	83	0
TTI2	0	682	3
TTI2	1	82	1
TTLL5	0	677	8
TTLL5	1	82	1
TTN	0	675	10
TTN	1	83	0
TTN-AS1	0	676	9
TTN-AS1	1	82	1
TTR	0	684	1
TTR	1	83	0
TUBB3	0	684	1
TUBB3	1	83	0
TUBG2	0	684	1
TUBG2	1	83	0
TUBGCP6	0	683	2
TUBGCP6	1	83	0
TULP1	0	684	1
TULP1	1	83	0
TUSC3	0	683	2
TUSC3	1	83	0
TXNRD2	0	684	1
TXNRD2	1	83	0
TYR	0	684	1
TYR	1	83	0
TYRP1	0	684	1
TYRP1	1	83	0
UBR1	0	683	2
UBR1	1	83	0
UCP2	0	684	1
UCP2	1	83	0
UGT1A3	0	684	1
UGT1A3	1	83	0
UGT1A4	0	684	1
UGT1A4	1	83	0
UGT1A5	0	683	2
UGT1A5	1	83	0
UGT1A9	0	685	0
UGT1A9	1	83	0
UNC119	0	684	1
UNC119	1	83	0
UNC13D	0	684	1
UNC13D	1	83	0
UPB1	0	676	9
UPB1	1	81	2
UPK3A	0	677	8
UPK3A	1	81	2
UQCC2	0	684	1
UQCC2	1	83	0
UQCRB	0	679	6
UQCRB	1	80	3
UROD	0	684	1
UROD	1	83	0
UROS	0	684	1
UROS	1	83	0
USH2A	0	674	11
USH2A	1	81	2
UTP14C	0	669	16
UTP14C	1	83	0
VCL	0	684	1
VCL	1	83	0
VCP	0	661	24
VCP	1	81	2
VEGFA	0	684	1
VEGFA	1	83	0
VHL	0	684	1
VHL	1	83	0
VIPAS39	0	684	1
VIPAS39	1	83	0
VLDLR	0	684	1
VLDLR	1	83	0
VPS13A	0	683	2
VPS13A	1	81	2
VPS13B	0	674	11
VPS13B	1	82	1
VPS33B	0	685	0
VPS33B	1	82	1
VPS35P1	0	681	4
VPS35P1	1	82	1
VSX1	0	684	1
VSX1	1	83	0
VWF	0	683	2
VWF	1	83	0
WASHC5	0	683	2
WASHC5	1	83	0
WDR11	0	683	2
WDR11	1	83	0
WDR19	0	684	1
WDR19	1	83	0
WDR35	0	678	7
WDR35	1	83	0
WDR36	0	683	2
WDR36	1	83	0
WDR62	0	684	1
WDR62	1	83	0
WDR72	0	685	0
WDR72	1	83	0
WNK4	0	684	1
WNK4	1	83	0
WNT10A	0	684	1
WNT10A	1	83	0
WNT10B	0	684	1
WNT10B	1	83	0
WRAP53	0	684	1
WRAP53	1	83	0
WRN	0	681	4
WRN	1	83	0
WWOX	0	685	0
WWOX	1	83	0
XDH	0	679	6
XDH	1	82	1
XPA	0	682	3
XPA	1	83	0
XPC	0	683	2
XPC	1	82	1
XPNPEP3	0	685	0
XPNPEP3	1	83	0
XRCC2	0	684	1
XRCC2	1	83	0
ZAP70	0	684	1
ZAP70	1	83	0
ZBTB24	0	684	1
ZBTB24	1	83	0
ZC3H14	0	685	0
ZC3H14	1	82	1
ZFHX3	0	682	3
ZFHX3	1	83	0
ZFHX4	0	684	1
ZFHX4	1	83	0
ZFYVE26	0	684	1
ZFYVE26	1	82	1
ZIC2	0	684	1
ZIC2	1	83	0
ZMPSTE24	0	681	4
ZMPSTE24	1	83	0
ZMYND10	0	684	1
ZMYND10	1	83	0
ZNF335	0	684	1
ZNF335	1	83	0
ZNF407	0	684	1
ZNF407	1	83	0
ZNF526	0	683	2
ZNF526	1	83	0
ZNF644	0	682	3
ZNF644	1	81	2
