kept_transcripts	severity	ref	var
A2M	0	491	0
A2M	1	276	1
AARS2	0	488	3
AARS2	1	277	0
ABCA1	0	489	2
ABCA1	1	277	0
ABCA12	0	490	1
ABCA12	1	276	1
ABCA4	0	490	1
ABCA4	1	277	0
ABCB1	0	489	2
ABCB1	1	277	0
ABCB4	0	490	1
ABCB4	1	277	0
ABCB6	0	489	2
ABCB6	1	275	2
ABCC11	0	481	10
ABCC11	1	268	9
ABCC12	0	491	0
ABCC12	1	276	1
ABCC2	0	490	1
ABCC2	1	275	2
ABCC8	0	489	2
ABCC8	1	277	0
ABCC9	0	486	5
ABCC9	1	277	0
ABCG2	0	490	1
ABCG2	1	277	0
ABCG5	0	490	1
ABCG5	1	277	0
ABCG8	0	488	3
ABCG8	1	277	0
ABO	0	477	14
ABO	1	266	11
AC002470.2	0	490	1
AC002470.2	1	277	0
AC008629.1	0	490	1
AC008629.1	1	277	0
AC009533.1	0	490	1
AC009533.1	1	276	1
AC010789.2	0	489	2
AC010789.2	1	277	0
AC011530.1	0	489	2
AC011530.1	1	277	0
AC048338.1	0	490	1
AC048338.1	1	277	0
AC093512.2	0	491	0
AC093512.2	1	276	1
ACACB	0	488	3
ACACB	1	277	0
ACAD8	0	491	0
ACAD8	1	276	1
ACADL	0	484	7
ACADL	1	266	11
ACADSB	0	489	2
ACADSB	1	276	1
ACADVL	0	490	1
ACADVL	1	277	0
ACAT2	0	490	1
ACAT2	1	277	0
ACBD6	0	479	12
ACBD6	1	273	4
ACSF3	0	489	2
ACSF3	1	276	1
ACTG1	0	490	1
ACTG1	1	277	0
ACTN4	0	491	0
ACTN4	1	277	0
ACVR2B	0	490	1
ACVR2B	1	277	0
ADAMTS10	0	490	1
ADAMTS10	1	277	0
ADAMTS13	0	491	0
ADAMTS13	1	276	1
ADAMTS18	0	481	10
ADAMTS18	1	273	4
ADAMTSL2	0	488	3
ADAMTSL2	1	277	0
ADAMTSL4	0	484	7
ADAMTSL4	1	276	1
ADD1	0	490	1
ADD1	1	275	2
ADH1A	0	491	0
ADH1A	1	276	1
ADH1C	0	469	22
ADH1C	1	263	14
AGBL1	0	488	3
AGBL1	1	276	1
AGGF1	0	490	1
AGGF1	1	277	0
AGL	0	491	0
AGL	1	277	0
AGPS	0	489	2
AGPS	1	275	2
AGRN	0	491	0
AGRN	1	276	1
AGXT2	0	480	11
AGXT2	1	270	7
AHCY	0	491	0
AHCY	1	277	0
AIPL1	0	490	1
AIPL1	1	276	1
AIRE	0	488	3
AIRE	1	276	1
AKAP9	0	491	0
AKAP9	1	276	1
AL358113.1	0	490	1
AL358113.1	1	277	0
AL450384.2	0	490	1
AL450384.2	1	277	0
ALB	0	491	0
ALB	1	276	1
ALDH7A1	0	491	0
ALDH7A1	1	276	1
ALG11	0	490	1
ALG11	1	277	0
ALG12	0	490	1
ALG12	1	276	1
ALG6	0	490	1
ALG6	1	277	0
ALK	0	472	19
ALK	1	267	10
ALMS1	0	488	3
ALMS1	1	275	2
ALOX12B	0	491	0
ALOX12B	1	276	1
ALOXE3	0	486	5
ALOXE3	1	276	1
AMH	0	490	1
AMH	1	277	0
AMPD1	0	491	0
AMPD1	1	275	2
ANG	0	491	0
ANG	1	276	1
ANGPTL4	0	489	2
ANGPTL4	1	274	3
ANKH	0	490	1
ANKH	1	277	0
ANKRD26	0	489	2
ANKRD26	1	275	2
ANLN	0	490	1
ANLN	1	277	0
ANO10	0	450	41
ANO10	1	248	29
ANO3	0	491	0
ANO3	1	276	1
ANO5	0	490	1
ANO5	1	277	0
ANO6	0	489	2
ANO6	1	277	0
ANTXR2	0	472	19
ANTXR2	1	262	15
AP1S1	0	491	0
AP1S1	1	276	1
AP4E1	0	490	1
AP4E1	1	276	1
AP4S1	0	491	0
AP4S1	1	276	1
AP5Z1	0	490	1
AP5Z1	1	277	0
APC	0	490	1
APC	1	277	0
APOA4	0	490	1
APOA4	1	276	1
APOB	0	490	1
APOB	1	276	1
APOC3	0	488	3
APOC3	1	274	3
APOL2	0	490	1
APOL2	1	277	0
APTX	0	489	2
APTX	1	276	1
ARMC4	0	490	1
ARMC4	1	277	0
ASAH1	0	490	1
ASAH1	1	277	0
ASB10	0	491	0
ASB10	1	276	1
ASCC1	0	480	11
ASCC1	1	273	4
ASIP	0	491	0
ASIP	1	276	1
ASPA	0	489	2
ASPA	1	277	0
ASPM	0	489	2
ASPM	1	277	0
ASS1	0	490	1
ASS1	1	277	0
ASXL1	0	483	8
ASXL1	1	269	8
ATG9B	0	491	0
ATG9B	1	276	1
ATIC	0	490	1
ATIC	1	277	0
ATM	0	488	3
ATM	1	276	1
ATN1	0	491	0
ATN1	1	277	0
ATP13A2	0	491	0
ATP13A2	1	276	1
ATP1A2	0	490	1
ATP1A2	1	277	0
ATP2A1	0	490	1
ATP2A1	1	276	1
ATP2C1	0	491	0
ATP2C1	1	277	0
ATP5F1A	0	490	1
ATP5F1A	1	277	0
ATP6V0A4	0	490	1
ATP6V0A4	1	277	0
ATP7B	0	489	2
ATP7B	1	275	2
ATP8A2	0	491	0
ATP8A2	1	276	1
ATR	0	490	1
ATR	1	277	0
ATXN1	0	491	0
ATXN1	1	277	0
ATXN10	0	490	1
ATXN10	1	277	0
ATXN7	0	490	1
ATXN7	1	277	0
AURKA	0	489	2
AURKA	1	274	3
AUTS2	0	490	1
AUTS2	1	277	0
B3GALNT2	0	490	1
B3GALNT2	1	277	0
B4GALNT1	0	490	1
B4GALNT1	1	277	0
BANK1	0	491	0
BANK1	1	276	1
BARD1	0	490	1
BARD1	1	277	0
BBS12	0	491	0
BBS12	1	276	1
BBS4	0	490	1
BBS4	1	277	0
BBS7	0	488	3
BBS7	1	274	3
BBS9	0	491	0
BBS9	1	276	1
BCAT2	0	490	1
BCAT2	1	277	0
BCHE	0	490	1
BCHE	1	276	1
BCKDHB	0	490	1
BCKDHB	1	277	0
BCL10	0	491	0
BCL10	1	276	1
BCS1L	0	490	1
BCS1L	1	277	0
BDNF	0	490	1
BDNF	1	277	0
BEAN1	0	490	1
BEAN1	1	277	0
BFSP1	0	483	8
BFSP1	1	274	3
BIN1	0	491	0
BIN1	1	276	1
BIVM-ERCC5	0	489	2
BIVM-ERCC5	1	276	1
BLK	0	490	1
BLK	1	276	1
BLOC1S3	0	490	1
BLOC1S3	1	277	0
BLOC1S6	0	484	7
BLOC1S6	1	274	3
BMPR1A	0	491	0
BMPR1A	1	276	1
BRAT1	0	491	0
BRAT1	1	275	2
BRCA1	0	490	1
BRCA1	1	277	0
BRCA2	0	479	12
BRCA2	1	265	12
BRIP1	0	489	2
BRIP1	1	276	1
BTD	0	484	7
BTD	1	277	0
C12orf65	0	490	1
C12orf65	1	277	0
C19orf12	0	491	0
C19orf12	1	276	1
C1R	0	485	6
C1R	1	273	4
C2CD3	0	490	1
C2CD3	1	277	0
C3	0	491	0
C3	1	277	0
C5	0	490	1
C5	1	277	0
C6	0	488	3
C6	1	270	7
C7	0	490	1
C7	1	277	0
C8A	0	490	1
C8A	1	276	1
C8B	0	482	9
C8B	1	275	2
C9	0	486	5
C9	1	273	4
C9orf72	0	489	2
C9orf72	1	277	0
CA12	0	491	0
CA12	1	276	1
CABP2	0	489	2
CABP2	1	276	1
CABP4	0	491	0
CABP4	1	277	0
CACNA1A	0	491	0
CACNA1A	1	276	1
CACNA1B	0	491	0
CACNA1B	1	276	1
CACNA1D	0	491	0
CACNA1D	1	276	1
CACNA1H	0	489	2
CACNA1H	1	276	1
CACNA2D4	0	490	1
CACNA2D4	1	276	1
CACNB2	0	491	0
CACNB2	1	277	0
CANT1	0	491	0
CANT1	1	277	0
CAPN3	0	489	2
CAPN3	1	275	2
CAPN5	0	490	1
CAPN5	1	277	0
CARD14	0	490	1
CARD14	1	277	0
CARD9	0	487	4
CARD9	1	273	4
CARS2	0	488	3
CARS2	1	275	2
CASP8	0	456	35
CASP8	1	263	14
CASQ2	0	490	1
CASQ2	1	277	0
CAT	0	490	1
CAT	1	277	0
CATSPER1	0	485	6
CATSPER1	1	275	2
CATSPER2	0	490	1
CATSPER2	1	277	0
CAVIN4	0	490	1
CAVIN4	1	277	0
CC2D1A	0	491	0
CC2D1A	1	277	0
CC2D2A	0	490	1
CC2D2A	1	276	1
CCDC103	0	491	0
CCDC103	1	276	1
CCDC114	0	490	1
CCDC114	1	277	0
CCDC151	0	490	1
CCDC151	1	277	0
CCDC39	0	475	16
CCDC39	1	269	8
CCDC40	0	490	1
CCDC40	1	277	0
CCDC78	0	489	2
CCDC78	1	277	0
CCDC8	0	490	1
CCDC8	1	277	0
CCDC88C	0	490	1
CCDC88C	1	277	0
CCNO	0	490	1
CCNO	1	277	0
CCR5	0	491	0
CCR5	1	276	1
CD36	0	465	26
CD36	1	270	7
CD3E	0	491	0
CD3E	1	276	1
CD3G	0	477	14
CD3G	1	272	5
CD96	0	489	2
CD96	1	275	2
CDH15	0	491	0
CDH15	1	275	2
CDH23	0	491	0
CDH23	1	277	0
CDK5RAP2	0	489	2
CDK5RAP2	1	274	3
CDKN2B	0	490	1
CDKN2B	1	277	0
CDON	0	491	0
CDON	1	276	1
CEACAM16	0	490	1
CEACAM16	1	277	0
CEL	0	489	2
CEL	1	277	0
CENPE	0	490	1
CENPE	1	277	0
CENPJ	0	490	1
CENPJ	1	276	1
CEP135	0	491	0
CEP135	1	275	2
CEP152	0	489	2
CEP152	1	276	1
CEP164	0	485	6
CEP164	1	274	3
CEP290	0	486	5
CEP290	1	276	1
CEP63	0	490	1
CEP63	1	276	1
CETP	0	489	2
CETP	1	277	0
CFAP206	0	485	6
CFAP206	1	273	4
CFH	0	486	5
CFH	1	271	6
CFHR2	0	484	7
CFHR2	1	273	4
CFHR3	0	491	0
CFHR3	1	276	1
CFHR4	0	490	1
CFHR4	1	275	2
CFHR5	0	489	2
CFHR5	1	276	1
CFI	0	489	2
CFI	1	277	0
CFTR	0	489	2
CFTR	1	277	0
CHD8	0	490	1
CHD8	1	277	0
CHEK1	0	479	12
CHEK1	1	273	4
CHEK2	0	491	0
CHEK2	1	274	3
CHIT1	0	488	3
CHIT1	1	273	4
CHKB	0	490	1
CHKB	1	277	0
CHMP1A	0	489	2
CHMP1A	1	277	0
CHMP2B	0	490	1
CHMP2B	1	277	0
CHRNA5	0	490	1
CHRNA5	1	277	0
CHRNB2	0	491	0
CHRNB2	1	276	1
CHRNB4	0	490	1
CHRNB4	1	277	0
CHRNE	0	491	0
CHRNE	1	274	3
CHRNG	0	490	1
CHRNG	1	277	0
CHST5	0	491	0
CHST5	1	276	1
CHST6	0	491	0
CHST6	1	276	1
CIDEC	0	490	1
CIDEC	1	277	0
CILP	0	491	0
CILP	1	275	2
CITED2	0	490	1
CITED2	1	277	0
CLCN1	0	476	15
CLCN1	1	268	9
CLCN2	0	490	1
CLCN2	1	277	0
CLCN7	0	486	5
CLCN7	1	276	1
CLCNKA	0	489	2
CLCNKA	1	277	0
CLCNKB	0	490	1
CLCNKB	1	277	0
CLDN14	0	491	0
CLDN14	1	277	0
CLIC5	0	491	0
CLIC5	1	276	1
CLN3	0	491	0
CLN3	1	277	0
CLRN1	0	490	1
CLRN1	1	277	0
CLU	0	490	1
CLU	1	277	0
CNGA3	0	491	0
CNGA3	1	276	1
CNGB1	0	490	1
CNGB1	1	277	0
CNGB3	0	487	4
CNGB3	1	271	6
CNTNAP2	0	490	1
CNTNAP2	1	277	0
COCH	0	490	1
COCH	1	277	0
COG5	0	490	1
COG5	1	277	0
COG6	0	489	2
COG6	1	277	0
COL10A1	0	490	1
COL10A1	1	277	0
COL11A1	0	491	0
COL11A1	1	277	0
COL18A1	0	481	10
COL18A1	1	271	6
COL1A2	0	490	1
COL1A2	1	277	0
COL4A1	0	491	0
COL4A1	1	277	0
COL4A2	0	489	2
COL4A2	1	273	4
COL4A3	0	490	1
COL4A3	1	277	0
COL4A4	0	491	0
COL4A4	1	276	1
COL6A3	0	490	1
COL6A3	1	277	0
COL7A1	0	480	11
COL7A1	1	276	1
COL9A2	0	480	11
COL9A2	1	275	2
COL9A3	0	488	3
COL9A3	1	277	0
COMP	0	491	0
COMP	1	277	0
COQ2	0	466	25
COQ2	1	258	19
COQ9	0	491	0
COQ9	1	276	1
CP	0	487	4
CP	1	276	1
CPA1	0	490	1
CPA1	1	277	0
CPLANE1	0	488	3
CPLANE1	1	272	5
CRB1	0	491	0
CRB1	1	277	0
CRBN	0	491	0
CRBN	1	276	1
CRLF1	0	491	0
CRLF1	1	277	0
CRPPA	0	490	1
CRPPA	1	277	0
CRYBA2	0	491	0
CRYBA2	1	276	1
CRYBA4	0	487	4
CRYBA4	1	276	1
CRYBB2	0	490	1
CRYBB2	1	277	0
CRYBB3	0	491	0
CRYBB3	1	277	0
CRYGD	0	484	7
CRYGD	1	276	1
CRYM	0	491	0
CRYM	1	277	0
CSF2RB	0	482	9
CSF2RB	1	270	7
CSPP1	0	491	0
CSPP1	1	277	0
CST3	0	487	4
CST3	1	277	0
CTC1	0	491	0
CTC1	1	276	1
CTNNA3	0	491	0
CTNNA3	1	276	1
CTPS1	0	490	1
CTPS1	1	277	0
CTSA	0	478	13
CTSA	1	272	5
CTSC	0	491	0
CTSC	1	276	1
CUBN	0	489	2
CUBN	1	276	1
CUBNP1	0	491	0
CUBNP1	1	276	1
CUL3	0	491	0
CUL3	1	276	1
CUL7	0	490	1
CUL7	1	276	1
CWF19L1	0	490	1
CWF19L1	1	277	0
CYBA	0	490	1
CYBA	1	277	0
CYP11A1	0	491	0
CYP11A1	1	276	1
CYP11B2	0	490	1
CYP11B2	1	277	0
CYP17A1	0	491	0
CYP17A1	1	276	1
CYP24A1	0	489	2
CYP24A1	1	277	0
CYP26C1	0	490	1
CYP26C1	1	277	0
CYP2A13	0	486	5
CYP2A13	1	275	2
CYP2A6	0	445	46
CYP2A6	1	254	23
CYP2B6	0	489	2
CYP2B6	1	277	0
CYP2C19	0	488	3
CYP2C19	1	273	4
CYP4F2	0	491	0
CYP4F2	1	274	3
CYP4V2	0	490	1
CYP4V2	1	275	2
DARS2	0	490	1
DARS2	1	277	0
DBH	0	489	2
DBH	1	277	0
DCHS1	0	491	0
DCHS1	1	277	0
DCLRE1C	0	489	2
DCLRE1C	1	277	0
DCLRE1CP1	0	490	1
DCLRE1CP1	1	276	1
DDHD2	0	490	1
DDHD2	1	276	1
DDX11	0	488	3
DDX11	1	274	3
DDX12P	0	489	2
DDX12P	1	277	0
DES	0	489	2
DES	1	276	1
DGAT1	0	490	1
DGAT1	1	277	0
DGUOK	0	491	0
DGUOK	1	276	1
DHCR7	0	477	14
DHCR7	1	274	3
DHODH	0	491	0
DHODH	1	276	1
DHTKD1	0	489	2
DHTKD1	1	274	3
DIAPH1	0	491	0
DIAPH1	1	276	1
DIAPH3	0	487	4
DIAPH3	1	273	4
DICER1	0	490	1
DICER1	1	277	0
DLD	0	491	0
DLD	1	276	1
DMGDH	0	490	1
DMGDH	1	277	0
DNA2	0	483	8
DNA2	1	277	0
DNAAF1	0	491	0
DNAAF1	1	276	1
DNAAF2	0	490	1
DNAAF2	1	276	1
DNAAF4	0	482	9
DNAAF4	1	271	6
DNAH11	0	487	4
DNAH11	1	277	0
DNAH5	0	489	2
DNAH5	1	276	1
DNAH9	0	450	41
DNAH9	1	252	25
DNAI2	0	490	1
DNAI2	1	277	0
DNAJB2	0	489	2
DNAJB2	1	275	2
DNASE1	0	490	1
DNASE1	1	276	1
DNASE1L3	0	490	1
DNASE1L3	1	277	0
DNMT3A	0	487	4
DNMT3A	1	274	3
DOCK6	0	490	1
DOCK6	1	277	0
DOCK7	0	491	0
DOCK7	1	275	2
DOCK8	0	491	0
DOCK8	1	276	1
DOLK	0	481	10
DOLK	1	273	4
DPYD	0	487	4
DPYD	1	275	2
DPYS	0	491	0
DPYS	1	276	1
DSC2	0	478	13
DSC2	1	269	8
DSC3	0	490	1
DSC3	1	277	0
DSG1-AS1	0	489	2
DSG1-AS1	1	276	1
DST	0	490	1
DST	1	276	1
DUOX1	0	491	0
DUOX1	1	274	3
DUOX2	0	485	6
DUOX2	1	272	5
DUOXA1	0	489	2
DUOXA1	1	277	0
DUOXA2	0	491	0
DUOXA2	1	276	1
DYNC2H1	0	490	1
DYNC2H1	1	274	3
DYNC2I1	0	488	3
DYNC2I1	1	276	1
DYNC2I2	0	491	0
DYNC2I2	1	276	1
DYRK1B	0	485	6
DYRK1B	1	273	4
DYSF	0	491	0
DYSF	1	276	1
EARS2	0	491	0
EARS2	1	276	1
ECEL1	0	490	1
ECEL1	1	277	0
EDN3	0	485	6
EDN3	1	275	2
EEF2	0	490	1
EEF2	1	277	0
EGF	0	483	8
EGF	1	277	0
EGLN1	0	491	0
EGLN1	1	275	2
EHMT1	0	485	6
EHMT1	1	274	3
EIF2AK4	0	490	1
EIF2AK4	1	274	3
EIF2B3	0	487	4
EIF2B3	1	274	3
EIF2B4	0	489	2
EIF2B4	1	277	0
ELAC2	0	490	1
ELAC2	1	276	1
ELMOD2	0	491	0
ELMOD2	1	276	1
ELOVL5	0	478	13
ELOVL5	1	274	3
EMP2	0	490	1
EMP2	1	277	0
EMX2	0	491	0
EMX2	1	276	1
ENAM	0	488	3
ENAM	1	276	1
ENO3	0	489	2
ENO3	1	277	0
EOGT	0	490	1
EOGT	1	277	0
EP300	0	478	13
EP300	1	266	11
EPB42	0	490	1
EPB42	1	277	0
EPS8	0	490	1
EPS8	1	277	0
ERBB2	0	491	0
ERBB2	1	276	1
ERCC2	0	488	3
ERCC2	1	277	0
ERCC3	0	489	2
ERCC3	1	276	1
ERCC6	0	490	1
ERCC6	1	276	1
ERCC6L2	0	491	0
ERCC6L2	1	275	2
ESCO2	0	488	3
ESCO2	1	272	5
ESPN	0	471	20
ESPN	1	254	23
ETFB	0	458	33
ETFB	1	252	25
ETFDH	0	485	6
ETFDH	1	273	4
ETHE1	0	490	1
ETHE1	1	277	0
EVC	0	490	1
EVC	1	277	0
EVI5	0	490	1
EVI5	1	276	1
EXO1	0	487	4
EXO1	1	276	1
EXOSC8	0	490	1
EXOSC8	1	277	0
EXPH5	0	490	1
EXPH5	1	277	0
EXT2	0	490	1
EXT2	1	277	0
EYA4	0	491	0
EYA4	1	276	1
EYS	0	486	5
EYS	1	277	0
F12	0	489	2
F12	1	274	3
F13B	0	490	1
F13B	1	277	0
F2	0	490	1
F2	1	277	0
F7	0	491	0
F7	1	275	2
FA2H	0	489	2
FA2H	1	276	1
FAM111A	0	478	13
FAM111A	1	269	8
FANCA	0	490	1
FANCA	1	276	1
FANCD2	0	491	0
FANCD2	1	276	1
FANCF	0	490	1
FANCF	1	277	0
FANCI	0	490	1
FANCI	1	273	4
FANCL	0	490	1
FANCL	1	276	1
FANCM	0	488	3
FANCM	1	275	2
FASLG	0	490	1
FASLG	1	277	0
FASN	0	490	1
FASN	1	277	0
FASTKD2	0	491	0
FASTKD2	1	276	1
FBLN1	0	490	1
FBLN1	1	277	0
FBXL4	0	491	0
FBXL4	1	274	3
FCGR2A	0	474	17
FCGR2A	1	271	6
FCGR3B	0	490	1
FCGR3B	1	277	0
FCN3	0	478	13
FCN3	1	271	6
FFAR4	0	490	1
FFAR4	1	277	0
FGA	0	491	0
FGA	1	276	1
FGFR1	0	476	15
FGFR1	1	271	6
FIG4	0	488	3
FIG4	1	277	0
FKBP10	0	490	1
FKBP10	1	276	1
FKBP14	0	487	4
FKBP14	1	276	1
FKRP	0	490	1
FKRP	1	276	1
FKTN	0	491	0
FKTN	1	276	1
FLG	0	405	86
FLG	1	250	27
FLNB	0	490	1
FLNB	1	277	0
FLNC	0	489	2
FLNC	1	277	0
FLT3	0	490	1
FLT3	1	277	0
FOLH1	0	490	1
FOLH1	1	277	0
FOLR1	0	489	2
FOLR1	1	276	1
FOXL2	0	490	1
FOXL2	1	277	0
FOXP2	0	491	0
FOXP2	1	277	0
FOXRED1	0	491	0
FOXRED1	1	276	1
FRAS1	0	489	2
FRAS1	1	275	2
FREM1	0	488	3
FREM1	1	276	1
FREM2	0	489	2
FREM2	1	275	2
FSCN2	0	487	4
FSCN2	1	272	5
FTCD	0	491	0
FTCD	1	276	1
FTO	0	490	1
FTO	1	277	0
FUS	0	491	0
FUS	1	277	0
FUT6	0	479	12
FUT6	1	272	5
G6PC	0	491	0
G6PC	1	276	1
GAA	0	489	2
GAA	1	276	1
GABRB3	0	491	0
GABRB3	1	276	1
GABRD	0	490	1
GABRD	1	277	0
GALC	0	490	1
GALC	1	277	0
GALK1	0	490	1
GALK1	1	277	0
GATA3	0	491	0
GATA3	1	277	0
GBA2	0	491	0
GBA2	1	275	2
GBE1	0	491	0
GBE1	1	276	1
GC	0	474	17
GC	1	258	19
GCKR	0	489	2
GCKR	1	276	1
GCNT2	0	489	2
GCNT2	1	277	0
GFER	0	490	1
GFER	1	277	0
GFM2	0	490	1
GFM2	1	277	0
GGCX	0	490	1
GGCX	1	277	0
GHRL	0	490	1
GHRL	1	277	0
GIPC3	0	487	4
GIPC3	1	275	2
GJA1	0	483	8
GJA1	1	276	1
GJA5	0	490	1
GJA5	1	276	1
GJA8	0	490	1
GJA8	1	277	0
GJB2	0	472	19
GJB2	1	267	10
GJB4	0	447	44
GJB4	1	246	31
GJB6	0	490	1
GJB6	1	277	0
GJC2	0	490	1
GJC2	1	275	2
GMPPB	0	490	1
GMPPB	1	277	0
GNA11	0	490	1
GNA11	1	277	0
GNAO1	0	481	10
GNAO1	1	272	5
GNRH1	0	491	0
GNRH1	1	276	1
GNRHR	0	489	2
GNRHR	1	275	2
GNS	0	491	0
GNS	1	276	1
GORAB	0	491	0
GORAB	1	275	2
GP1BA	0	490	1
GP1BA	1	275	2
GP9	0	490	1
GP9	1	277	0
GPSM2	0	489	2
GPSM2	1	277	0
GRHL2	0	481	10
GRHL2	1	264	13
GRHPR	0	491	0
GRHPR	1	277	0
GRIN1	0	490	1
GRIN1	1	277	0
GRIN2A	0	461	30
GRIN2A	1	243	34
GRM6	0	490	1
GRM6	1	277	0
GRXCR2	0	490	1
GRXCR2	1	277	0
GSDME	0	489	2
GSDME	1	276	1
GTF2H5	0	490	1
GTF2H5	1	277	0
GUCA1B	0	489	2
GUCA1B	1	276	1
GUCY2D	0	491	0
GUCY2D	1	276	1
GUSB	0	491	0
GUSB	1	276	1
GYG1	0	490	1
GYG1	1	277	0
GYS2	0	489	2
GYS2	1	277	0
HADHA	0	490	1
HADHA	1	277	0
HAL	0	488	3
HAL	1	276	1
HEXA	0	490	1
HEXA	1	277	0
HGD	0	490	1
HGD	1	277	0
HGF	0	490	1
HGF	1	277	0
HIBCH	0	490	1
HIBCH	1	276	1
HIP1	0	481	10
HIP1	1	273	4
HMCN1	0	483	8
HMCN1	1	266	11
HMGCS2	0	490	1
HMGCS2	1	277	0
HOXB13	0	489	2
HOXB13	1	277	0
HOXD10	0	491	0
HOXD10	1	276	1
HOXD13	0	491	0
HOXD13	1	276	1
HPD	0	490	1
HPD	1	277	0
HPGD	0	490	1
HPGD	1	277	0
HPS1	0	489	2
HPS1	1	277	0
HPS3	0	489	2
HPS3	1	277	0
HPS5	0	490	1
HPS5	1	277	0
HPS6	0	490	1
HPS6	1	277	0
HR	0	491	0
HR	1	277	0
HSF4	0	490	1
HSF4	1	277	0
HSPB3	0	491	0
HSPB3	1	276	1
HTT	0	491	0
HTT	1	277	0
HYDIN	0	489	2
HYDIN	1	277	0
HYDIN2	0	487	4
HYDIN2	1	274	3
HYLS1	0	489	2
HYLS1	1	277	0
IBA57	0	491	0
IBA57	1	276	1
ICAM4	0	488	3
ICAM4	1	277	0
IDH1	0	490	1
IDH1	1	275	2
IDUA	0	488	3
IDUA	1	275	2
IFIH1	0	479	12
IFIH1	1	269	8
IFITM5	0	490	1
IFITM5	1	277	0
IFNAR2	0	491	0
IFNAR2	1	276	1
IFNGR1	0	491	0
IFNGR1	1	276	1
IFNL1	0	491	0
IFNL1	1	276	1
IFNL2	0	491	0
IFNL2	1	276	1
IFT140	0	490	1
IFT140	1	277	0
IFT172	0	488	3
IFT172	1	276	1
IFT43	0	490	1
IFT43	1	277	0
IGFALS	0	490	1
IGFALS	1	277	0
IGLL1	0	489	2
IGLL1	1	276	1
IL10RB	0	491	0
IL10RB	1	276	1
IL12RB1	0	491	0
IL12RB1	1	276	1
IL23R	0	485	6
IL23R	1	273	4
IL36RN	0	490	1
IL36RN	1	277	0
IL7R	0	490	1
IL7R	1	277	0
ILK	0	490	1
ILK	1	277	0
IMPG2	0	491	0
IMPG2	1	276	1
INPP5E	0	491	0
INPP5E	1	276	1
INVS	0	489	2
INVS	1	276	1
IQCB1	0	490	1
IQCB1	1	277	0
IRAK4	0	491	0
IRAK4	1	276	1
IRS1	0	488	3
IRS1	1	275	2
IRS2	0	489	2
IRS2	1	277	0
ITGA2	0	490	1
ITGA2	1	276	1
ITGA3	0	490	1
ITGA3	1	277	0
ITGA6	0	489	2
ITGA6	1	276	1
ITGA7	0	489	2
ITGA7	1	277	0
ITGAD	0	491	0
ITGAD	1	276	1
ITGAM	0	490	1
ITGAM	1	277	0
ITGB4	0	490	1
ITGB4	1	277	0
ITK	0	491	0
ITK	1	276	1
ITM2B	0	488	3
ITM2B	1	276	1
ITPA	0	491	0
ITPA	1	275	2
ITPR1	0	490	1
ITPR1	1	277	0
JAGN1	0	489	2
JAGN1	1	275	2
JAK3	0	490	1
JAK3	1	276	1
JAM3	0	491	0
JAM3	1	276	1
KANK1	0	491	0
KANK1	1	277	0
KATNAL2	0	448	43
KATNAL2	1	260	17
KCNA5	0	491	0
KCNA5	1	276	1
KCNH2	0	487	4
KCNH2	1	276	1
KCNQ1	0	490	1
KCNQ1	1	277	0
KCNV2	0	489	2
KCNV2	1	277	0
KIF14	0	491	0
KIF14	1	276	1
KIF1C	0	491	0
KIF1C	1	277	0
KIF21A	0	487	4
KIF21A	1	273	4
KIF7	0	490	1
KIF7	1	277	0
KISS1	0	490	1
KISS1	1	277	0
KISS1R	0	490	1
KISS1R	1	277	0
KITLG	0	490	1
KITLG	1	277	0
KL	0	490	1
KL	1	276	1
KLF11	0	490	1
KLF11	1	277	0
KLHL41	0	489	2
KLHL41	1	276	1
KPTN	0	490	1
KPTN	1	277	0
KRT16P3	0	466	25
KRT16P3	1	268	9
KRT17	0	491	0
KRT17	1	276	1
KRT3	0	490	1
KRT3	1	277	0
KRT4	0	490	1
KRT4	1	277	0
KRT6A	0	490	1
KRT6A	1	277	0
KRT74	0	491	0
KRT74	1	276	1
KRT75	0	490	1
KRT75	1	277	0
KRT83	0	483	8
KRT83	1	272	5
LAMA1	0	490	1
LAMA1	1	277	0
LAMA2	0	480	11
LAMA2	1	268	9
LAMA3	0	491	0
LAMA3	1	276	1
LAMA4	0	490	1
LAMA4	1	277	0
LAMB1	0	490	1
LAMB1	1	277	0
LAMB3	0	489	2
LAMB3	1	275	2
LAMC3	0	491	0
LAMC3	1	274	3
LARGE1	0	490	1
LARGE1	1	277	0
LARP7	0	490	1
LARP7	1	276	1
LCA5	0	489	2
LCA5	1	277	0
LCAT	0	490	1
LCAT	1	277	0
LDB3	0	483	8
LDB3	1	269	8
LEFTY1	0	490	1
LEFTY1	1	277	0
LGI1	0	489	2
LGI1	1	275	2
LHCGR	0	491	0
LHCGR	1	276	1
LIAS	0	491	0
LIAS	1	276	1
LIG4	0	491	0
LIG4	1	277	0
LIPA	0	490	1
LIPA	1	277	0
LIPC	0	489	2
LIPC	1	277	0
LIPN	0	491	0
LIPN	1	275	2
LMBRD1	0	490	1
LMBRD1	1	277	0
LOXHD1	0	472	19
LOXHD1	1	268	9
LOXL1	0	490	1
LOXL1	1	277	0
LPAR6	0	478	13
LPAR6	1	274	3
LRBA	0	490	1
LRBA	1	276	1
LRP8	0	491	0
LRP8	1	276	1
LRPAP1	0	490	1
LRPAP1	1	277	0
LRPPRC	0	490	1
LRPPRC	1	277	0
LRRC6	0	490	1
LRRC6	1	277	0
LRRK2	0	488	3
LRRK2	1	277	0
LRTOMT	0	490	1
LRTOMT	1	277	0
LTBP4	0	491	0
LTBP4	1	276	1
LYRM4	0	490	1
LYRM4	1	277	0
LYST	0	485	6
LYST	1	275	2
LZTFL1	0	491	0
LZTFL1	1	277	0
LZTR1	0	491	0
LZTR1	1	275	2
MAD1L1	0	490	1
MAD1L1	1	275	2
MALT1	0	490	1
MALT1	1	277	0
MAN2B1	0	490	1
MAN2B1	1	276	1
MAP3K1	0	489	2
MAP3K1	1	277	0
MARS1	0	490	1
MARS1	1	277	0
MARS2	0	490	1
MARS2	1	276	1
MASP2	0	491	0
MASP2	1	276	1
MASTL	0	490	1
MASTL	1	276	1
MAT1A	0	490	1
MAT1A	1	277	0
MATN3	0	490	1
MATN3	1	276	1
MATR3	0	488	3
MATR3	1	277	0
MBL2	0	490	1
MBL2	1	277	0
MC1R	0	491	0
MC1R	1	274	3
MCEE	0	490	1
MCEE	1	276	1
MCOLN1	0	490	1
MCOLN1	1	277	0
MCPH1	0	490	1
MCPH1	1	276	1
MED13L	0	489	2
MED13L	1	276	1
MEFV	0	490	1
MEFV	1	277	0
MEGF8	0	490	1
MEGF8	1	277	0
MERTK	0	487	4
MERTK	1	276	1
MESP2	0	490	1
MESP2	1	277	0
METTL23	0	489	2
METTL23	1	277	0
MFF	0	487	4
MFF	1	275	2
MFRP	0	490	1
MFRP	1	277	0
MFSD8	0	491	0
MFSD8	1	276	1
MGP	0	490	1
MGP	1	277	0
MIB1	0	490	1
MIB1	1	277	0
MLH3	0	490	1
MLH3	1	277	0
MLPH	0	490	1
MLPH	1	276	1
MMAA	0	490	1
MMAA	1	277	0
MMACHC	0	491	0
MMACHC	1	276	1
MMP1	0	454	37
MMP1	1	260	17
MMP20	0	490	1
MMP20	1	277	0
MMP9	0	490	1
MMP9	1	277	0
MOGS	0	490	1
MOGS	1	277	0
MPI	0	490	1
MPI	1	277	0
MPLKIP	0	491	0
MPLKIP	1	276	1
MPO	0	480	11
MPO	1	269	8
MRE11	0	491	0
MRE11	1	276	1
MRPL3	0	490	1
MRPL3	1	277	0
MRPS22	0	491	0
MRPS22	1	277	0
MS4A2	0	491	0
MS4A2	1	274	3
MSH3	0	487	4
MSH3	1	277	0
MSH6	0	490	1
MSH6	1	276	1
MSR1	0	483	8
MSR1	1	272	5
MSTN	0	491	0
MSTN	1	276	1
MTFMT	0	490	1
MTFMT	1	276	1
MTHFR	0	490	1
MTHFR	1	277	0
MTMR14	0	490	1
MTMR14	1	277	0
MTMR2	0	484	7
MTMR2	1	273	4
MTO1	0	491	0
MTO1	1	277	0
MTR	0	486	5
MTR	1	270	7
MUC1	0	491	0
MUC1	1	277	0
MUC5B	0	478	13
MUC5B	1	271	6
MUTYH	0	489	2
MUTYH	1	277	0
MYF6	0	490	1
MYF6	1	277	0
MYH1	0	490	1
MYH1	1	276	1
MYH2	0	490	1
MYH2	1	277	0
MYH6	0	488	3
MYH6	1	275	2
MYH8	0	485	6
MYH8	1	271	6
MYLK	0	490	1
MYLK	1	277	0
MYLKP1	0	459	32
MYLKP1	1	260	17
MYO15A	0	489	2
MYO15A	1	272	5
MYO1A	0	490	1
MYO1A	1	274	3
MYO1C	0	487	4
MYO1C	1	274	3
MYO1F	0	490	1
MYO1F	1	277	0
MYO3A	0	490	1
MYO3A	1	273	4
MYO5B	0	491	0
MYO5B	1	276	1
MYO7A	0	490	1
MYO7A	1	277	0
MYO9B	0	479	12
MYO9B	1	271	6
MYOC	0	489	2
MYOC	1	276	1
MYOT	0	490	1
MYOT	1	277	0
MYOZ2	0	491	0
MYOZ2	1	276	1
MYPN	0	490	1
MYPN	1	277	0
NAGLU	0	490	1
NAGLU	1	277	0
NAGPA	0	482	9
NAGPA	1	269	8
NARS2	0	490	1
NARS2	1	277	0
NBAS	0	488	3
NBAS	1	274	3
NBEAL2	0	488	3
NBEAL2	1	277	0
NBN	0	487	4
NBN	1	276	1
NCF1	0	490	1
NCF1	1	277	0
NDUFA12	0	490	1
NDUFA12	1	277	0
NDUFA7	0	491	0
NDUFA7	1	277	0
NDUFA9	0	490	1
NDUFA9	1	277	0
NDUFAF3	0	490	1
NDUFAF3	1	277	0
NDUFAF6	0	489	2
NDUFAF6	1	276	1
NDUFAF7	0	447	44
NDUFAF7	1	264	13
NDUFB3	0	491	0
NDUFB3	1	276	1
NDUFB9	0	489	2
NDUFB9	1	277	0
NDUFS3	0	489	2
NDUFS3	1	277	0
NDUFS4	0	490	1
NDUFS4	1	277	0
NDUFV3	0	483	8
NDUFV3	1	272	5
NEB	0	482	9
NEB	1	271	6
NEBL	0	486	5
NEBL	1	275	2
NEDD4	0	490	1
NEDD4	1	277	0
NEFL	0	490	1
NEFL	1	277	0
NEK1	0	490	1
NEK1	1	276	1
NEK2	0	491	0
NEK2	1	276	1
NEK8	0	491	0
NEK8	1	276	1
NF1	0	490	1
NF1	1	276	1
NFKB2	0	487	4
NFKB2	1	276	1
NFU1	0	490	1
NFU1	1	277	0
NGF	0	491	0
NGF	1	277	0
NGLY1	0	490	1
NGLY1	1	277	0
NKX2-1	0	490	1
NKX2-1	1	277	0
NLRC4	0	485	6
NLRC4	1	277	0
NOD2	0	440	51
NOD2	1	251	26
NOL3	0	490	1
NOL3	1	277	0
NOS3	0	490	1
NOS3	1	277	0
NOTCH1	0	491	0
NOTCH1	1	276	1
NOTCH3	0	490	1
NOTCH3	1	276	1
NPC1	0	490	1
NPC1	1	277	0
NPC2	0	491	0
NPC2	1	276	1
NPHP3	0	488	3
NPHP3	1	277	0
NPHP4	0	490	1
NPHP4	1	276	1
NPHS2	0	491	0
NPHS2	1	276	1
NPSR1	0	489	2
NPSR1	1	276	1
NR2E3	0	490	1
NR2E3	1	277	0
NR3C1	0	490	1
NR3C1	1	277	0
NR4A2	0	491	0
NR4A2	1	277	0
NR5A2	0	490	1
NR5A2	1	277	0
NSD2	0	489	2
NSD2	1	275	2
NTHL1	0	490	1
NTHL1	1	273	4
NTRK1	0	489	2
NTRK1	1	277	0
OBSL1	0	483	8
OBSL1	1	268	9
OPRM1	0	491	0
OPRM1	1	276	1
OPTN	0	490	1
OPTN	1	275	2
ORAI1	0	482	9
ORAI1	1	274	3
ORC4	0	490	1
ORC4	1	277	0
ORC6	0	490	1
ORC6	1	277	0
OTOA	0	450	41
OTOA	1	260	17
OTOF	0	490	1
OTOF	1	276	1
OTOG	0	485	6
OTOG	1	274	3
OTOGL	0	488	3
OTOGL	1	276	1
OXA1L	0	489	2
OXA1L	1	274	3
P2RX2	0	489	2
P2RX2	1	276	1
PADI4	0	489	2
PADI4	1	276	1
PAFAH1B1	0	491	0
PAFAH1B1	1	276	1
PAH	0	490	1
PAH	1	277	0
PAX4	0	489	2
PAX4	1	277	0
PCARE	0	490	1
PCARE	1	276	1
PCDH15	0	490	1
PCDH15	1	277	0
PCK2	0	489	2
PCK2	1	276	1
PCSK1	0	491	0
PCSK1	1	277	0
PCSK9	0	490	1
PCSK9	1	277	0
PDE11A	0	481	10
PDE11A	1	275	2
PDE6B	0	454	37
PDE6B	1	253	24
PDE6C	0	490	1
PDE6C	1	277	0
PDE6H	0	490	1
PDE6H	1	277	0
PDSS2	0	490	1
PDSS2	1	277	0
PDX1	0	490	1
PDX1	1	277	0
PDZD7	0	490	1
PDZD7	1	277	0
PEX1	0	482	9
PEX1	1	270	7
PEX14	0	491	0
PEX14	1	276	1
PEX7	0	486	5
PEX7	1	275	2
PFKM	0	490	1
PFKM	1	277	0
PFN1	0	487	4
PFN1	1	276	1
PGAM2	0	491	0
PGAM2	1	277	0
PHC1	0	487	4
PHC1	1	277	0
PHKB	0	476	15
PHKB	1	266	11
PIEZO1	0	457	34
PIEZO1	1	269	8
PIGO	0	491	0
PIGO	1	275	2
PIGT	0	490	1
PIGT	1	277	0
PIGV	0	490	1
PIGV	1	277	0
PIKFYVE	0	491	0
PIKFYVE	1	275	2
PKHD1	0	488	3
PKHD1	1	276	1
PKP2	0	491	0
PKP2	1	276	1
PLA2G7	0	491	0
PLA2G7	1	276	1
PLCE1	0	490	1
PLCE1	1	277	0
PLEC	0	490	1
PLEC	1	277	0
PLEKHG5	0	490	1
PLEKHG5	1	277	0
PLOD2	0	491	0
PLOD2	1	276	1
PMM2	0	491	0
PMM2	1	276	1
PMP22	0	489	2
PMP22	1	274	3
PMS1	0	491	0
PMS1	1	275	2
PNKD	0	490	1
PNKD	1	276	1
PNKP	0	488	3
PNKP	1	276	1
PNPLA1	0	477	14
PNPLA1	1	268	9
PNPLA3	0	490	1
PNPLA3	1	277	0
PNPLA6	0	490	1
PNPLA6	1	277	0
POGLUT1	0	490	1
POGLUT1	1	276	1
POLE	0	489	2
POLE	1	276	1
POLG	0	490	1
POLG	1	277	0
POLR3B	0	490	1
POLR3B	1	276	1
POM121L9P	0	483	8
POM121L9P	1	275	2
POMC	0	490	1
POMC	1	275	2
POMGNT1	0	490	1
POMGNT1	1	275	2
POMK	0	489	2
POMK	1	277	0
POMP	0	490	1
POMP	1	277	0
POMT1	0	486	5
POMT1	1	275	2
POMT2	0	490	1
POMT2	1	277	0
POR	0	491	0
POR	1	276	1
PPP2R1B	0	490	1
PPP2R1B	1	277	0
PRDM5	0	490	1
PRDM5	1	277	0
PRF1	0	490	1
PRF1	1	277	0
PRIMPOL	0	490	1
PRIMPOL	1	276	1
PROS1	0	491	0
PROS1	1	277	0
PRPF6	0	489	2
PRPF6	1	276	1
PRPH	0	489	2
PRPH	1	273	4
PRPS1L1	0	474	17
PRPS1L1	1	265	12
PRSS12	0	483	8
PRSS12	1	272	5
PRX	0	489	2
PRX	1	277	0
PSAT1	0	490	1
PSAT1	1	277	0
PSMA6	0	491	0
PSMA6	1	276	1
PSPHP1	0	483	8
PSPHP1	1	269	8
PTCH2	0	487	4
PTCH2	1	277	0
PTGIS	0	490	1
PTGIS	1	275	2
PTH	0	490	1
PTH	1	277	0
PTPN22	0	488	3
PTPN22	1	274	3
PTPRC	0	491	0
PTPRC	1	277	0
PTPRQ	0	491	0
PTPRQ	1	275	2
PTS	0	491	0
PTS	1	276	1
PUS1	0	491	0
PUS1	1	276	1
PYCR1	0	490	1
PYCR1	1	277	0
PYGL	0	490	1
PYGL	1	277	0
PYGM	0	491	0
PYGM	1	276	1
RAB18	0	485	6
RAB18	1	274	3
RAB27A	0	490	1
RAB27A	1	277	0
RAB3GAP1	0	490	1
RAB3GAP1	1	277	0
RAB3GAP2	0	491	0
RAB3GAP2	1	276	1
RAD21	0	488	3
RAD21	1	276	1
RAD50	0	455	36
RAD50	1	265	12
RAD51B	0	491	0
RAD51B	1	276	1
RAD54B	0	490	1
RAD54B	1	277	0
RAG1	0	491	0
RAG1	1	276	1
RAG2	0	490	1
RAG2	1	277	0
RANGRF	0	483	8
RANGRF	1	274	3
RARS2	0	490	1
RARS2	1	277	0
RASA1	0	487	4
RASA1	1	277	0
RBBP8	0	489	2
RBBP8	1	274	3
RBP3	0	491	0
RBP3	1	276	1
RCBTB1	0	491	0
RCBTB1	1	276	1
RD3	0	490	1
RD3	1	277	0
RDH11	0	490	1
RDH11	1	277	0
RDH5	0	491	0
RDH5	1	276	1
RECQL4	0	490	1
RECQL4	1	276	1
REEP2	0	490	1
REEP2	1	277	0
RELN	0	488	3
RELN	1	276	1
RFX5	0	491	0
RFX5	1	276	1
RFXAP	0	491	0
RFXAP	1	276	1
RGR	0	491	0
RGR	1	277	0
RGS9	0	490	1
RGS9	1	276	1
RGS9BP	0	490	1
RGS9BP	1	275	2
RIMS1	0	491	0
RIMS1	1	276	1
RIN2	0	489	2
RIN2	1	276	1
RIPK4	0	487	4
RIPK4	1	275	2
RMND1	0	490	1
RMND1	1	277	0
RNASEH2A	0	490	1
RNASEH2A	1	277	0
RNASEH2B	0	488	3
RNASEH2B	1	275	2
RNASEL	0	481	10
RNASEL	1	276	1
RNASET2	0	491	0
RNASET2	1	276	1
RNF212	0	488	3
RNF212	1	276	1
RNF213	0	490	1
RNF213	1	275	2
ROBO3	0	490	1
ROBO3	1	277	0
ROM1	0	489	2
ROM1	1	273	4
RP1	0	490	1
RP1	1	277	0
RP1L1	0	487	4
RP1L1	1	271	6
RPE65	0	489	2
RPE65	1	277	0
RPGRIP1	0	491	0
RPGRIP1	1	276	1
RPGRIP1L	0	490	1
RPGRIP1L	1	277	0
RSPH1	0	491	0
RSPH1	1	276	1
RTEL1-TNFRSF6B	0	489	2
RTEL1-TNFRSF6B	1	277	0
RTN2	0	491	0
RTN2	1	275	2
RTTN	0	489	2
RTTN	1	277	0
RYR1	0	486	5
RYR1	1	276	1
RYR2	0	476	15
RYR2	1	273	4
SACS	0	488	3
SACS	1	272	5
SALL2	0	491	0
SALL2	1	275	2
SAMHD1	0	490	1
SAMHD1	1	277	0
SARDH	0	489	2
SARDH	1	277	0
SBDS	0	485	6
SBDS	1	274	3
SBF1	0	490	1
SBF1	1	275	2
SBF2-AS1	0	488	3
SBF2-AS1	1	273	4
SCN10A	0	458	33
SCN10A	1	264	13
SCN11A	0	490	1
SCN11A	1	277	0
SCN4A	0	488	3
SCN4A	1	273	4
SCN9A	0	491	0
SCN9A	1	276	1
SCNN1B	0	490	1
SCNN1B	1	277	0
SCO2	0	490	1
SCO2	1	276	1
SCP2	0	487	4
SCP2	1	276	1
SDHA	0	457	34
SDHA	1	265	12
SDHAP1	0	458	33
SDHAP1	1	252	25
SEC23B	0	490	1
SEC23B	1	277	0
SEC63	0	484	7
SEC63	1	271	6
SELENON	0	490	1
SELENON	1	277	0
SELP	0	490	1
SELP	1	276	1
SEMA3E	0	485	6
SEMA3E	1	275	2
SEMA4A	0	489	2
SEMA4A	1	277	0
SEPTIN12	0	489	2
SEPTIN12	1	277	0
SERPINA3	0	490	1
SERPINA3	1	276	1
SERPING1	0	490	1
SERPING1	1	277	0
SERPINI1	0	491	0
SERPINI1	1	276	1
SETBP1	0	490	1
SETBP1	1	277	0
SETD5	0	491	0
SETD5	1	276	1
SETX	0	489	2
SETX	1	277	0
SFTPA1	0	490	1
SFTPA1	1	275	2
SFTPB	0	490	1
SFTPB	1	277	0
SFXN4	0	488	3
SFXN4	1	276	1
SGCB	0	490	1
SGCB	1	277	0
SH3BP2	0	489	2
SH3BP2	1	277	0
SH3PXD2B	0	490	1
SH3PXD2B	1	277	0
SH3TC2	0	491	0
SH3TC2	1	275	2
SHANK2	0	490	1
SHANK2	1	277	0
SHMT1	0	488	3
SHMT1	1	277	0
SI	0	488	3
SI	1	277	0
SIAE	0	489	2
SIAE	1	277	0
SIL1	0	491	0
SIL1	1	276	1
SIM1	0	490	1
SIM1	1	277	0
SIX3	0	489	2
SIX3	1	276	1
SLC10A2	0	491	0
SLC10A2	1	276	1
SLC12A3	0	491	0
SLC12A3	1	276	1
SLC12A6	0	491	0
SLC12A6	1	276	1
SLC19A2	0	491	0
SLC19A2	1	277	0
SLC22A5	0	490	1
SLC22A5	1	277	0
SLC24A1	0	490	1
SLC24A1	1	277	0
SLC25A2	0	477	14
SLC25A2	1	273	4
SLC25A20	0	491	0
SLC25A20	1	277	0
SLC26A2	0	490	1
SLC26A2	1	277	0
SLC26A3	0	490	1
SLC26A3	1	277	0
SLC26A4	0	489	2
SLC26A4	1	277	0
SLC26A5	0	483	8
SLC26A5	1	269	8
SLC27A4	0	490	1
SLC27A4	1	277	0
SLC2A2	0	490	1
SLC2A2	1	277	0
SLC2A9	0	490	1
SLC2A9	1	276	1
SLC34A1	0	485	6
SLC34A1	1	274	3
SLC34A3	0	484	7
SLC34A3	1	275	2
SLC35D1	0	490	1
SLC35D1	1	276	1
SLC37A4	0	0	491
SLC37A4	1	0	277
SLC38A8	0	491	0
SLC38A8	1	276	1
SLC39A5	0	487	4
SLC39A5	1	274	3
SLC4A10	0	490	1
SLC4A10	1	277	0
SLC4A11	0	462	29
SLC4A11	1	266	11
SLC5A1	0	490	1
SLC5A1	1	277	0
SLC5A2	0	491	0
SLC5A2	1	276	1
SLC6A2	0	490	1
SLC6A2	1	277	0
SLC6A20	0	489	2
SLC6A20	1	276	1
SLC9A9	0	490	1
SLC9A9	1	277	0
SLCO1B1	0	490	1
SLCO1B1	1	277	0
SLCO1B3	0	482	9
SLCO1B3	1	275	2
SLCO1B7	0	488	3
SLCO1B7	1	274	3
SLMAP	0	487	4
SLMAP	1	275	2
SLX4	0	489	2
SLX4	1	274	3
SMAD4	0	481	10
SMAD4	1	273	4
SMARCA2	0	490	1
SMARCA2	1	277	0
SMARCA4	0	491	0
SMARCA4	1	276	1
SMARCAL1	0	490	1
SMARCAL1	1	277	0
SMCHD1	0	490	1
SMCHD1	1	277	0
SMOC1	0	490	1
SMOC1	1	277	0
SMPD1	0	478	13
SMPD1	1	271	6
SOST	0	490	1
SOST	1	277	0
SPAG1	0	490	1
SPAG1	1	276	1
SPATA16	0	491	0
SPATA16	1	277	0
SPEG	0	491	0
SPEG	1	275	2
SPG11	0	488	3
SPG11	1	277	0
SPG21	0	491	0
SPG21	1	276	1
SPINK1	0	490	1
SPINK1	1	276	1
SPINK5	0	489	2
SPINK5	1	277	0
SPTA1	0	491	0
SPTA1	1	277	0
SPTB	0	491	0
SPTB	1	277	0
SPTBN2	0	490	1
SPTBN2	1	276	1
SQSTM1	0	490	1
SQSTM1	1	277	0
SRCAP	0	486	5
SRCAP	1	275	2
ST3GAL5	0	491	0
ST3GAL5	1	276	1
STAC3	0	490	1
STAC3	1	277	0
STAT2	0	491	0
STAT2	1	276	1
STAT5B	0	489	2
STAT5B	1	275	2
STIL	0	488	3
STIL	1	276	1
STIM1	0	488	3
STIM1	1	272	5
STING1	0	491	0
STING1	1	275	2
STOX1	0	491	0
STOX1	1	277	0
STRA6	0	490	1
STRA6	1	277	0
STRC	0	490	1
STRC	1	276	1
STT3A	0	490	1
STT3A	1	276	1
STXBP2	0	490	1
STXBP2	1	277	0
SUCLA2	0	490	1
SUCLA2	1	277	0
SUGCT	0	491	0
SUGCT	1	276	1
SURF1	0	490	1
SURF1	1	277	0
SYCP3	0	484	7
SYCP3	1	271	6
SYNE1	0	490	1
SYNE1	1	274	3
SYNE2	0	490	1
SYNE2	1	277	0
SYNE4	0	490	1
SYNE4	1	277	0
SZT2	0	489	2
SZT2	1	277	0
TBCE	0	488	3
TBCE	1	276	1
TBX19	0	489	2
TBX19	1	277	0
TBXAS1	0	490	1
TBXAS1	1	276	1
TCIRG1	0	490	1
TCIRG1	1	276	1
TCN1	0	490	1
TCN1	1	277	0
TCTN2	0	491	0
TCTN2	1	277	0
TCTN3	0	490	1
TCTN3	1	277	0
TECR	0	490	1
TECR	1	277	0
TEK	0	490	1
TEK	1	277	0
TET2	0	485	6
TET2	1	275	2
TG	0	488	3
TG	1	275	2
TGFBI	0	490	1
TGFBI	1	277	0
TGM1	0	490	1
TGM1	1	277	0
TGM5	0	490	1
TGM5	1	277	0
TGM6	0	491	0
TGM6	1	275	2
TH	0	491	0
TH	1	276	1
TIRAP	0	491	0
TIRAP	1	275	2
TLDC2	0	489	2
TLDC2	1	274	3
TLR1	0	491	0
TLR1	1	275	2
TLR2	0	490	1
TLR2	1	275	2
TLR5	0	459	32
TLR5	1	254	23
TMC1	0	490	1
TMC1	1	277	0
TMC6	0	490	1
TMC6	1	276	1
TMC8	0	490	1
TMC8	1	277	0
TMEM126A	0	491	0
TMEM126A	1	276	1
TMEM67	0	490	1
TMEM67	1	277	0
TMEM70	0	490	1
TMEM70	1	276	1
TMPRSS3	0	491	0
TMPRSS3	1	276	1
TMPRSS5	0	483	8
TMPRSS5	1	276	1
TNFRSF1A	0	490	1
TNFRSF1A	1	277	0
TNFSF11	0	491	0
TNFSF11	1	277	0
TNNT2	0	490	1
TNNT2	1	277	0
TNNT3	0	480	11
TNNT3	1	270	7
TOPORS	0	489	2
TOPORS	1	277	0
TOR1AIP1	0	487	4
TOR1AIP1	1	273	4
TPCN2	0	489	2
TPCN2	1	277	0
TPI1	0	491	0
TPI1	1	275	2
TPMT	0	490	1
TPMT	1	276	1
TPP1	0	489	2
TPP1	1	276	1
TPRN	0	490	1
TPRN	1	277	0
TRAPPC11	0	490	1
TRAPPC11	1	277	0
TRAPPC2B	0	491	0
TRAPPC2B	1	277	0
TRDN	0	491	0
TRDN	1	275	2
TRIM32	0	491	0
TRIM32	1	276	1
TRIOBP	0	488	3
TRIOBP	1	275	2
TRMT10A	0	490	1
TRMT10A	1	277	0
TRNT1	0	490	1
TRNT1	1	277	0
TRPC6	0	491	0
TRPC6	1	276	1
TRPM4	0	488	3
TRPM4	1	274	3
TRPV4	0	490	1
TRPV4	1	276	1
TSEN54	0	490	1
TSEN54	1	276	1
TSFM	0	488	3
TSFM	1	276	1
TSHZ1	0	474	17
TSHZ1	1	267	10
TSPEAR	0	491	0
TSPEAR	1	276	1
TTBK2	0	490	1
TTBK2	1	277	0
TTC21B	0	490	1
TTC21B	1	277	0
TTC37	0	491	0
TTC37	1	277	0
TTC7A	0	491	0
TTC7A	1	275	2
TTC8	0	490	1
TTC8	1	277	0
TTI2	0	491	0
TTI2	1	273	4
TTLL5	0	488	3
TTLL5	1	271	6
TTN	0	484	7
TTN	1	274	3
TTN-AS1	0	485	6
TTN-AS1	1	273	4
TTR	0	490	1
TTR	1	277	0
TUBB3	0	490	1
TUBB3	1	277	0
TUBG2	0	490	1
TUBG2	1	277	0
TUBGCP6	0	490	1
TUBGCP6	1	276	1
TULP1	0	491	0
TULP1	1	276	1
TUSC3	0	489	2
TUSC3	1	277	0
TXNRD2	0	491	0
TXNRD2	1	276	1
TYR	0	491	0
TYR	1	276	1
TYRP1	0	491	0
TYRP1	1	276	1
UBR1	0	491	0
UBR1	1	275	2
UCP2	0	491	0
UCP2	1	276	1
UGT1A3	0	490	1
UGT1A3	1	277	0
UGT1A4	0	491	0
UGT1A4	1	276	1
UGT1A5	0	489	2
UGT1A5	1	277	0
UGT1A9	0	491	0
UGT1A9	1	277	0
UNC119	0	490	1
UNC119	1	277	0
UNC13D	0	491	0
UNC13D	1	276	1
UPB1	0	483	8
UPB1	1	274	3
UPK3A	0	485	6
UPK3A	1	273	4
UQCC2	0	490	1
UQCC2	1	277	0
UQCRB	0	484	7
UQCRB	1	275	2
UROD	0	491	0
UROD	1	276	1
UROS	0	491	0
UROS	1	276	1
USH2A	0	484	7
USH2A	1	271	6
UTP14C	0	482	9
UTP14C	1	270	7
VCL	0	491	0
VCL	1	276	1
VCP	0	477	14
VCP	1	265	12
VEGFA	0	491	0
VEGFA	1	276	1
VHL	0	491	0
VHL	1	276	1
VIPAS39	0	491	0
VIPAS39	1	276	1
VLDLR	0	490	1
VLDLR	1	277	0
VPS13A	0	490	1
VPS13A	1	274	3
VPS13B	0	483	8
VPS13B	1	273	4
VPS33B	0	491	0
VPS33B	1	276	1
VPS35P1	0	489	2
VPS35P1	1	274	3
VSX1	0	490	1
VSX1	1	277	0
VWF	0	489	2
VWF	1	277	0
WASHC5	0	489	2
WASHC5	1	277	0
WDR11	0	491	0
WDR11	1	275	2
WDR19	0	490	1
WDR19	1	277	0
WDR35	0	486	5
WDR35	1	275	2
WDR36	0	490	1
WDR36	1	276	1
WDR62	0	490	1
WDR62	1	277	0
WDR72	0	491	0
WDR72	1	277	0
WNK4	0	491	0
WNK4	1	276	1
WNT10A	0	490	1
WNT10A	1	277	0
WNT10B	0	491	0
WNT10B	1	276	1
WRAP53	0	490	1
WRAP53	1	277	0
WRN	0	488	3
WRN	1	276	1
WWOX	0	491	0
WWOX	1	277	0
XDH	0	488	3
XDH	1	273	4
XPA	0	489	2
XPA	1	276	1
XPC	0	489	2
XPC	1	276	1
XPNPEP3	0	491	0
XPNPEP3	1	277	0
XRCC2	0	491	0
XRCC2	1	276	1
ZAP70	0	491	0
ZAP70	1	276	1
ZBTB24	0	491	0
ZBTB24	1	276	1
ZC3H14	0	490	1
ZC3H14	1	277	0
ZFHX3	0	491	0
ZFHX3	1	274	3
ZFHX4	0	491	0
ZFHX4	1	276	1
ZFYVE26	0	489	2
ZFYVE26	1	277	0
ZIC2	0	490	1
ZIC2	1	277	0
ZMPSTE24	0	490	1
ZMPSTE24	1	274	3
ZMYND10	0	490	1
ZMYND10	1	277	0
ZNF335	0	491	0
ZNF335	1	276	1
ZNF407	0	491	0
ZNF407	1	276	1
ZNF526	0	490	1
ZNF526	1	276	1
ZNF644	0	489	2
ZNF644	1	274	3
