kept_transcripts	com_index<4&storm	ref	var
A2M	0	544	1
A2M	1	223	0
AARS2	0	544	1
AARS2	1	221	2
ABCA1	0	543	2
ABCA1	1	223	0
ABCA12	0	544	1
ABCA12	1	222	1
ABCA4	0	545	0
ABCA4	1	222	1
ABCB1	0	544	1
ABCB1	1	222	1
ABCB4	0	545	0
ABCB4	1	222	1
ABCB6	0	542	3
ABCB6	1	222	1
ABCC11	0	533	12
ABCC11	1	216	7
ABCC12	0	544	1
ABCC12	1	223	0
ABCC2	0	542	3
ABCC2	1	223	0
ABCC8	0	544	1
ABCC8	1	222	1
ABCC9	0	541	4
ABCC9	1	222	1
ABCG2	0	545	0
ABCG2	1	222	1
ABCG5	0	544	1
ABCG5	1	223	0
ABCG8	0	544	1
ABCG8	1	221	2
ABO	0	527	18
ABO	1	216	7
AC002470.2	0	544	1
AC002470.2	1	223	0
AC008629.1	0	544	1
AC008629.1	1	223	0
AC009533.1	0	544	1
AC009533.1	1	222	1
AC010789.2	0	543	2
AC010789.2	1	223	0
AC011530.1	0	544	1
AC011530.1	1	222	1
AC048338.1	0	545	0
AC048338.1	1	222	1
AC093512.2	0	544	1
AC093512.2	1	223	0
ACACB	0	543	2
ACACB	1	222	1
ACAD8	0	545	0
ACAD8	1	222	1
ACADL	0	533	12
ACADL	1	217	6
ACADSB	0	542	3
ACADSB	1	223	0
ACADVL	0	544	1
ACADVL	1	223	0
ACAT2	0	545	0
ACAT2	1	222	1
ACBD6	0	534	11
ACBD6	1	218	5
ACSF3	0	544	1
ACSF3	1	221	2
ACTG1	0	545	0
ACTG1	1	222	1
ACTN4	0	545	0
ACTN4	1	223	0
ACVR2B	0	544	1
ACVR2B	1	223	0
ADAMTS10	0	544	1
ADAMTS10	1	223	0
ADAMTS13	0	545	0
ADAMTS13	1	222	1
ADAMTS18	0	534	11
ADAMTS18	1	220	3
ADAMTSL2	0	542	3
ADAMTSL2	1	223	0
ADAMTSL4	0	541	4
ADAMTSL4	1	219	4
ADD1	0	542	3
ADD1	1	223	0
ADH1A	0	544	1
ADH1A	1	223	0
ADH1C	0	524	21
ADH1C	1	208	15
AGBL1	0	544	1
AGBL1	1	220	3
AGGF1	0	544	1
AGGF1	1	223	0
AGL	0	545	0
AGL	1	223	0
AGPS	0	542	3
AGPS	1	222	1
AGRN	0	544	1
AGRN	1	223	0
AGXT2	0	534	11
AGXT2	1	216	7
AHCY	0	545	0
AHCY	1	223	0
AIPL1	0	544	1
AIPL1	1	222	1
AIRE	0	544	1
AIRE	1	220	3
AKAP9	0	545	0
AKAP9	1	222	1
AL358113.1	0	544	1
AL358113.1	1	223	0
AL450384.2	0	544	1
AL450384.2	1	223	0
ALB	0	545	0
ALB	1	222	1
ALDH7A1	0	544	1
ALDH7A1	1	223	0
ALG11	0	544	1
ALG11	1	223	0
ALG12	0	544	1
ALG12	1	222	1
ALG6	0	544	1
ALG6	1	223	0
ALK	0	519	26
ALK	1	220	3
ALMS1	0	541	4
ALMS1	1	222	1
ALOX12B	0	544	1
ALOX12B	1	223	0
ALOXE3	0	540	5
ALOXE3	1	222	1
AMH	0	544	1
AMH	1	223	0
AMPD1	0	543	2
AMPD1	1	223	0
ANG	0	545	0
ANG	1	222	1
ANGPTL4	0	542	3
ANGPTL4	1	221	2
ANKH	0	544	1
ANKH	1	223	0
ANKRD26	0	541	4
ANKRD26	1	223	0
ANLN	0	544	1
ANLN	1	223	0
ANO10	0	492	53
ANO10	1	206	17
ANO3	0	545	0
ANO3	1	222	1
ANO5	0	544	1
ANO5	1	223	0
ANO6	0	543	2
ANO6	1	223	0
ANTXR2	0	517	28
ANTXR2	1	217	6
AP1S1	0	545	0
AP1S1	1	222	1
AP4E1	0	544	1
AP4E1	1	222	1
AP4S1	0	544	1
AP4S1	1	223	0
AP5Z1	0	544	1
AP5Z1	1	223	0
APC	0	544	1
APC	1	223	0
APOA4	0	544	1
APOA4	1	222	1
APOB	0	543	2
APOB	1	223	0
APOC3	0	543	2
APOC3	1	219	4
APOL2	0	544	1
APOL2	1	223	0
APTX	0	542	3
APTX	1	223	0
ARMC4	0	545	0
ARMC4	1	222	1
ASAH1	0	544	1
ASAH1	1	223	0
ASB10	0	545	0
ASB10	1	222	1
ASCC1	0	534	11
ASCC1	1	219	4
ASIP	0	544	1
ASIP	1	223	0
ASPA	0	543	2
ASPA	1	223	0
ASPM	0	543	2
ASPM	1	223	0
ASS1	0	544	1
ASS1	1	223	0
ASXL1	0	532	13
ASXL1	1	220	3
ATG9B	0	545	0
ATG9B	1	222	1
ATIC	0	544	1
ATIC	1	223	0
ATM	0	541	4
ATM	1	223	0
ATN1	0	545	0
ATN1	1	223	0
ATP13A2	0	544	1
ATP13A2	1	223	0
ATP1A2	0	544	1
ATP1A2	1	223	0
ATP2A1	0	543	2
ATP2A1	1	223	0
ATP2C1	0	545	0
ATP2C1	1	223	0
ATP5F1A	0	544	1
ATP5F1A	1	223	0
ATP6V0A4	0	544	1
ATP6V0A4	1	223	0
ATP7B	0	542	3
ATP7B	1	222	1
ATP8A2	0	545	0
ATP8A2	1	222	1
ATR	0	544	1
ATR	1	223	0
ATXN1	0	545	0
ATXN1	1	223	0
ATXN10	0	544	1
ATXN10	1	223	0
ATXN7	0	544	1
ATXN7	1	223	0
AURKA	0	542	3
AURKA	1	221	2
AUTS2	0	544	1
AUTS2	1	223	0
B3GALNT2	0	544	1
B3GALNT2	1	223	0
B4GALNT1	0	544	1
B4GALNT1	1	223	0
BANK1	0	544	1
BANK1	1	223	0
BARD1	0	545	0
BARD1	1	222	1
BBS12	0	544	1
BBS12	1	223	0
BBS4	0	544	1
BBS4	1	223	0
BBS7	0	541	4
BBS7	1	221	2
BBS9	0	544	1
BBS9	1	223	0
BCAT2	0	545	0
BCAT2	1	222	1
BCHE	0	544	1
BCHE	1	222	1
BCKDHB	0	544	1
BCKDHB	1	223	0
BCL10	0	544	1
BCL10	1	223	0
BCS1L	0	545	0
BCS1L	1	222	1
BDNF	0	544	1
BDNF	1	223	0
BEAN1	0	544	1
BEAN1	1	223	0
BFSP1	0	539	6
BFSP1	1	218	5
BIN1	0	544	1
BIN1	1	223	0
BIVM-ERCC5	0	544	1
BIVM-ERCC5	1	221	2
BLK	0	544	1
BLK	1	222	1
BLOC1S3	0	544	1
BLOC1S3	1	223	0
BLOC1S6	0	536	9
BLOC1S6	1	222	1
BMPR1A	0	545	0
BMPR1A	1	222	1
BRAT1	0	544	1
BRAT1	1	222	1
BRCA1	0	544	1
BRCA1	1	223	0
BRCA2	0	532	13
BRCA2	1	212	11
BRIP1	0	542	3
BRIP1	1	223	0
BTD	0	541	4
BTD	1	220	3
C12orf65	0	545	0
C12orf65	1	222	1
C19orf12	0	545	0
C19orf12	1	222	1
C1R	0	538	7
C1R	1	220	3
C2CD3	0	544	1
C2CD3	1	223	0
C3	0	545	0
C3	1	223	0
C5	0	544	1
C5	1	223	0
C6	0	537	8
C6	1	221	2
C7	0	545	0
C7	1	222	1
C8A	0	543	2
C8A	1	223	0
C8B	0	537	8
C8B	1	220	3
C9	0	541	4
C9	1	218	5
C9orf72	0	543	2
C9orf72	1	223	0
CA12	0	545	0
CA12	1	222	1
CABP2	0	542	3
CABP2	1	223	0
CABP4	0	545	0
CABP4	1	223	0
CACNA1A	0	544	1
CACNA1A	1	223	0
CACNA1B	0	545	0
CACNA1B	1	222	1
CACNA1D	0	545	0
CACNA1D	1	222	1
CACNA1H	0	544	1
CACNA1H	1	221	2
CACNA2D4	0	545	0
CACNA2D4	1	221	2
CACNB2	0	545	0
CACNB2	1	223	0
CANT1	0	545	0
CANT1	1	223	0
CAPN3	0	542	3
CAPN3	1	222	1
CAPN5	0	544	1
CAPN5	1	223	0
CARD14	0	545	0
CARD14	1	222	1
CARD9	0	538	7
CARD9	1	222	1
CARS2	0	542	3
CARS2	1	221	2
CASP8	0	506	39
CASP8	1	213	10
CASQ2	0	545	0
CASQ2	1	222	1
CAT	0	545	0
CAT	1	222	1
CATSPER1	0	540	5
CATSPER1	1	220	3
CATSPER2	0	544	1
CATSPER2	1	223	0
CAVIN4	0	544	1
CAVIN4	1	223	0
CC2D1A	0	545	0
CC2D1A	1	223	0
CC2D2A	0	543	2
CC2D2A	1	223	0
CCDC103	0	545	0
CCDC103	1	222	1
CCDC114	0	544	1
CCDC114	1	223	0
CCDC151	0	544	1
CCDC151	1	223	0
CCDC39	0	527	18
CCDC39	1	217	6
CCDC40	0	545	0
CCDC40	1	222	1
CCDC78	0	544	1
CCDC78	1	222	1
CCDC8	0	544	1
CCDC8	1	223	0
CCDC88C	0	544	1
CCDC88C	1	223	0
CCNO	0	544	1
CCNO	1	223	0
CCR5	0	544	1
CCR5	1	223	0
CD36	0	520	25
CD36	1	215	8
CD3E	0	545	0
CD3E	1	222	1
CD3G	0	531	14
CD3G	1	218	5
CD96	0	543	2
CD96	1	221	2
CDH15	0	545	0
CDH15	1	221	2
CDH23	0	545	0
CDH23	1	223	0
CDK5RAP2	0	541	4
CDK5RAP2	1	222	1
CDKN2B	0	545	0
CDKN2B	1	222	1
CDON	0	544	1
CDON	1	223	0
CEACAM16	0	544	1
CEACAM16	1	223	0
CEL	0	543	2
CEL	1	223	0
CENPE	0	544	1
CENPE	1	223	0
CENPJ	0	543	2
CENPJ	1	223	0
CEP135	0	544	1
CEP135	1	222	1
CEP152	0	543	2
CEP152	1	222	1
CEP164	0	538	7
CEP164	1	221	2
CEP290	0	541	4
CEP290	1	221	2
CEP63	0	543	2
CEP63	1	223	0
CETP	0	544	1
CETP	1	222	1
CFAP206	0	536	9
CFAP206	1	222	1
CFH	0	537	8
CFH	1	220	3
CFHR2	0	537	8
CFHR2	1	220	3
CFHR3	0	544	1
CFHR3	1	223	0
CFHR4	0	542	3
CFHR4	1	223	0
CFHR5	0	543	2
CFHR5	1	222	1
CFI	0	543	2
CFI	1	223	0
CFTR	0	544	1
CFTR	1	222	1
CHD8	0	544	1
CHD8	1	223	0
CHEK1	0	535	10
CHEK1	1	217	6
CHEK2	0	542	3
CHEK2	1	223	0
CHIT1	0	539	6
CHIT1	1	222	1
CHKB	0	544	1
CHKB	1	223	0
CHMP1A	0	543	2
CHMP1A	1	223	0
CHMP2B	0	544	1
CHMP2B	1	223	0
CHRNA5	0	544	1
CHRNA5	1	223	0
CHRNB2	0	545	0
CHRNB2	1	222	1
CHRNB4	0	544	1
CHRNB4	1	223	0
CHRNE	0	543	2
CHRNE	1	222	1
CHRNG	0	544	1
CHRNG	1	223	0
CHST5	0	544	1
CHST5	1	223	0
CHST6	0	545	0
CHST6	1	222	1
CIDEC	0	544	1
CIDEC	1	223	0
CILP	0	544	1
CILP	1	222	1
CITED2	0	544	1
CITED2	1	223	0
CLCN1	0	536	9
CLCN1	1	208	15
CLCN2	0	544	1
CLCN2	1	223	0
CLCN7	0	542	3
CLCN7	1	220	3
CLCNKA	0	543	2
CLCNKA	1	223	0
CLCNKB	0	545	0
CLCNKB	1	222	1
CLDN14	0	545	0
CLDN14	1	223	0
CLIC5	0	544	1
CLIC5	1	223	0
CLN3	0	545	0
CLN3	1	223	0
CLRN1	0	544	1
CLRN1	1	223	0
CLU	0	545	0
CLU	1	222	1
CNGA3	0	544	1
CNGA3	1	223	0
CNGB1	0	545	0
CNGB1	1	222	1
CNGB3	0	539	6
CNGB3	1	219	4
CNTNAP2	0	544	1
CNTNAP2	1	223	0
COCH	0	545	0
COCH	1	222	1
COG5	0	544	1
COG5	1	223	0
COG6	0	543	2
COG6	1	223	0
COL10A1	0	544	1
COL10A1	1	223	0
COL11A1	0	545	0
COL11A1	1	223	0
COL18A1	0	534	11
COL18A1	1	218	5
COL1A2	0	545	0
COL1A2	1	222	1
COL4A1	0	545	0
COL4A1	1	223	0
COL4A2	0	541	4
COL4A2	1	221	2
COL4A3	0	544	1
COL4A3	1	223	0
COL4A4	0	545	0
COL4A4	1	222	1
COL6A3	0	544	1
COL6A3	1	223	0
COL7A1	0	538	7
COL7A1	1	218	5
COL9A2	0	537	8
COL9A2	1	218	5
COL9A3	0	542	3
COL9A3	1	223	0
COMP	0	545	0
COMP	1	223	0
COQ2	0	516	29
COQ2	1	208	15
COQ9	0	544	1
COQ9	1	223	0
CP	0	540	5
CP	1	223	0
CPA1	0	545	0
CPA1	1	222	1
CPLANE1	0	538	7
CPLANE1	1	222	1
CRB1	0	545	0
CRB1	1	223	0
CRBN	0	545	0
CRBN	1	222	1
CRLF1	0	545	0
CRLF1	1	223	0
CRPPA	0	544	1
CRPPA	1	223	0
CRYBA2	0	544	1
CRYBA2	1	223	0
CRYBA4	0	542	3
CRYBA4	1	221	2
CRYBB2	0	544	1
CRYBB2	1	223	0
CRYBB3	0	545	0
CRYBB3	1	223	0
CRYGD	0	541	4
CRYGD	1	219	4
CRYM	0	545	0
CRYM	1	223	0
CSF2RB	0	534	11
CSF2RB	1	218	5
CSPP1	0	545	0
CSPP1	1	223	0
CST3	0	541	4
CST3	1	223	0
CTC1	0	544	1
CTC1	1	223	0
CTNNA3	0	545	0
CTNNA3	1	222	1
CTPS1	0	544	1
CTPS1	1	223	0
CTSA	0	533	12
CTSA	1	217	6
CTSC	0	545	0
CTSC	1	222	1
CUBN	0	544	1
CUBN	1	221	2
CUBNP1	0	544	1
CUBNP1	1	223	0
CUL3	0	544	1
CUL3	1	223	0
CUL7	0	543	2
CUL7	1	223	0
CWF19L1	0	544	1
CWF19L1	1	223	0
CYBA	0	544	1
CYBA	1	223	0
CYP11A1	0	544	1
CYP11A1	1	223	0
CYP11B2	0	544	1
CYP11B2	1	223	0
CYP17A1	0	544	1
CYP17A1	1	223	0
CYP24A1	0	543	2
CYP24A1	1	223	0
CYP26C1	0	544	1
CYP26C1	1	223	0
CYP2A13	0	539	6
CYP2A13	1	222	1
CYP2A6	0	498	47
CYP2A6	1	201	22
CYP2B6	0	543	2
CYP2B6	1	223	0
CYP2C19	0	541	4
CYP2C19	1	220	3
CYP4F2	0	543	2
CYP4F2	1	222	1
CYP4V2	0	544	1
CYP4V2	1	221	2
DARS2	0	545	0
DARS2	1	222	1
DBH	0	544	1
DBH	1	222	1
DCHS1	0	545	0
DCHS1	1	223	0
DCLRE1C	0	543	2
DCLRE1C	1	223	0
DCLRE1CP1	0	544	1
DCLRE1CP1	1	222	1
DDHD2	0	543	2
DDHD2	1	223	0
DDX11	0	540	5
DDX11	1	222	1
DDX12P	0	544	1
DDX12P	1	222	1
DES	0	543	2
DES	1	222	1
DGAT1	0	545	0
DGAT1	1	222	1
DGUOK	0	544	1
DGUOK	1	223	0
DHCR7	0	533	12
DHCR7	1	218	5
DHODH	0	544	1
DHODH	1	223	0
DHTKD1	0	540	5
DHTKD1	1	223	0
DIAPH1	0	544	1
DIAPH1	1	223	0
DIAPH3	0	539	6
DIAPH3	1	221	2
DICER1	0	544	1
DICER1	1	223	0
DLD	0	544	1
DLD	1	223	0
DMGDH	0	545	0
DMGDH	1	222	1
DNA2	0	540	5
DNA2	1	220	3
DNAAF1	0	544	1
DNAAF1	1	223	0
DNAAF2	0	545	0
DNAAF2	1	221	2
DNAAF4	0	533	12
DNAAF4	1	220	3
DNAH11	0	543	2
DNAH11	1	221	2
DNAH5	0	544	1
DNAH5	1	221	2
DNAH9	0	492	53
DNAH9	1	210	13
DNAI2	0	544	1
DNAI2	1	223	0
DNAJB2	0	542	3
DNAJB2	1	222	1
DNASE1	0	544	1
DNASE1	1	222	1
DNASE1L3	0	544	1
DNASE1L3	1	223	0
DNMT3A	0	539	6
DNMT3A	1	222	1
DOCK6	0	544	1
DOCK6	1	223	0
DOCK7	0	544	1
DOCK7	1	222	1
DOCK8	0	544	1
DOCK8	1	223	0
DOLK	0	534	11
DOLK	1	220	3
DPYD	0	541	4
DPYD	1	221	2
DPYS	0	544	1
DPYS	1	223	0
DSC2	0	529	16
DSC2	1	218	5
DSC3	0	544	1
DSC3	1	223	0
DSG1-AS1	0	542	3
DSG1-AS1	1	223	0
DST	0	545	0
DST	1	221	2
DUOX1	0	543	2
DUOX1	1	222	1
DUOX2	0	537	8
DUOX2	1	220	3
DUOXA1	0	543	2
DUOXA1	1	223	0
DUOXA2	0	544	1
DUOXA2	1	223	0
DYNC2H1	0	545	0
DYNC2H1	1	219	4
DYNC2I1	0	541	4
DYNC2I1	1	223	0
DYNC2I2	0	545	0
DYNC2I2	1	222	1
DYRK1B	0	537	8
DYRK1B	1	221	2
DYSF	0	544	1
DYSF	1	223	0
EARS2	0	545	0
EARS2	1	222	1
ECEL1	0	544	1
ECEL1	1	223	0
EDN3	0	537	8
EDN3	1	223	0
EEF2	0	545	0
EEF2	1	222	1
EGF	0	543	2
EGF	1	217	6
EGLN1	0	544	1
EGLN1	1	222	1
EHMT1	0	537	8
EHMT1	1	222	1
EIF2AK4	0	542	3
EIF2AK4	1	222	1
EIF2B3	0	539	6
EIF2B3	1	222	1
EIF2B4	0	545	0
EIF2B4	1	221	2
ELAC2	0	545	0
ELAC2	1	221	2
ELMOD2	0	544	1
ELMOD2	1	223	0
ELOVL5	0	536	9
ELOVL5	1	216	7
EMP2	0	545	0
EMP2	1	222	1
EMX2	0	545	0
EMX2	1	222	1
ENAM	0	541	4
ENAM	1	223	0
ENO3	0	543	2
ENO3	1	223	0
EOGT	0	545	0
EOGT	1	222	1
EP300	0	528	17
EP300	1	216	7
EPB42	0	545	0
EPB42	1	222	1
EPS8	0	544	1
EPS8	1	223	0
ERBB2	0	544	1
ERBB2	1	223	0
ERCC2	0	542	3
ERCC2	1	223	0
ERCC3	0	543	2
ERCC3	1	222	1
ERCC6	0	544	1
ERCC6	1	222	1
ERCC6L2	0	544	1
ERCC6L2	1	222	1
ESCO2	0	537	8
ESCO2	1	223	0
ESPN	0	520	25
ESPN	1	205	18
ETFB	0	498	47
ETFB	1	212	11
ETFDH	0	536	9
ETFDH	1	222	1
ETHE1	0	544	1
ETHE1	1	223	0
EVC	0	544	1
EVC	1	223	0
EVI5	0	543	2
EVI5	1	223	0
EXO1	0	542	3
EXO1	1	221	2
EXOSC8	0	544	1
EXOSC8	1	223	0
EXPH5	0	544	1
EXPH5	1	223	0
EXT2	0	544	1
EXT2	1	223	0
EYA4	0	544	1
EYA4	1	223	0
EYS	0	541	4
EYS	1	222	1
F12	0	541	4
F12	1	222	1
F13B	0	545	0
F13B	1	222	1
F2	0	544	1
F2	1	223	0
F7	0	543	2
F7	1	223	0
FA2H	0	543	2
FA2H	1	222	1
FAM111A	0	530	15
FAM111A	1	217	6
FANCA	0	543	2
FANCA	1	223	0
FANCD2	0	544	1
FANCD2	1	223	0
FANCF	0	544	1
FANCF	1	223	0
FANCI	0	540	5
FANCI	1	223	0
FANCL	0	543	2
FANCL	1	223	0
FANCM	0	542	3
FANCM	1	221	2
FASLG	0	545	0
FASLG	1	222	1
FASN	0	544	1
FASN	1	223	0
FASTKD2	0	544	1
FASTKD2	1	223	0
FBLN1	0	544	1
FBLN1	1	223	0
FBXL4	0	542	3
FBXL4	1	223	0
FCGR2A	0	530	15
FCGR2A	1	215	8
FCGR3B	0	544	1
FCGR3B	1	223	0
FCN3	0	532	13
FCN3	1	217	6
FFAR4	0	544	1
FFAR4	1	223	0
FGA	0	545	0
FGA	1	222	1
FGFR1	0	530	15
FGFR1	1	217	6
FIG4	0	542	3
FIG4	1	223	0
FKBP10	0	544	1
FKBP10	1	222	1
FKBP14	0	541	4
FKBP14	1	222	1
FKRP	0	543	2
FKRP	1	223	0
FKTN	0	544	1
FKTN	1	223	0
FLG	0	468	77
FLG	1	187	36
FLNB	0	544	1
FLNB	1	223	0
FLNC	0	543	2
FLNC	1	223	0
FLT3	0	544	1
FLT3	1	223	0
FOLH1	0	545	0
FOLH1	1	222	1
FOLR1	0	542	3
FOLR1	1	223	0
FOXL2	0	545	0
FOXL2	1	222	1
FOXP2	0	545	0
FOXP2	1	223	0
FOXRED1	0	545	0
FOXRED1	1	222	1
FRAS1	0	544	1
FRAS1	1	220	3
FREM1	0	544	1
FREM1	1	220	3
FREM2	0	542	3
FREM2	1	222	1
FSCN2	0	542	3
FSCN2	1	217	6
FTCD	0	544	1
FTCD	1	223	0
FTO	0	545	0
FTO	1	222	1
FUS	0	545	0
FUS	1	223	0
FUT6	0	532	13
FUT6	1	219	4
G6PC	0	544	1
G6PC	1	223	0
GAA	0	544	1
GAA	1	221	2
GABRB3	0	544	1
GABRB3	1	223	0
GABRD	0	544	1
GABRD	1	223	0
GALC	0	545	0
GALC	1	222	1
GALK1	0	544	1
GALK1	1	223	0
GATA3	0	545	0
GATA3	1	223	0
GBA2	0	544	1
GBA2	1	222	1
GBE1	0	545	0
GBE1	1	222	1
GC	0	525	20
GC	1	207	16
GCKR	0	542	3
GCKR	1	223	0
GCNT2	0	543	2
GCNT2	1	223	0
GFER	0	544	1
GFER	1	223	0
GFM2	0	544	1
GFM2	1	223	0
GGCX	0	544	1
GGCX	1	223	0
GHRL	0	544	1
GHRL	1	223	0
GIPC3	0	540	5
GIPC3	1	222	1
GJA1	0	538	7
GJA1	1	221	2
GJA5	0	544	1
GJA5	1	222	1
GJA8	0	544	1
GJA8	1	223	0
GJB2	0	523	22
GJB2	1	216	7
GJB4	0	494	51
GJB4	1	199	24
GJB6	0	545	0
GJB6	1	222	1
GJC2	0	542	3
GJC2	1	223	0
GMPPB	0	545	0
GMPPB	1	222	1
GNA11	0	544	1
GNA11	1	223	0
GNAO1	0	535	10
GNAO1	1	218	5
GNRH1	0	544	1
GNRH1	1	223	0
GNRHR	0	542	3
GNRHR	1	222	1
GNS	0	544	1
GNS	1	223	0
GORAB	0	543	2
GORAB	1	223	0
GP1BA	0	544	1
GP1BA	1	221	2
GP9	0	544	1
GP9	1	223	0
GPSM2	0	543	2
GPSM2	1	223	0
GRHL2	0	529	16
GRHL2	1	216	7
GRHPR	0	545	0
GRHPR	1	223	0
GRIN1	0	545	0
GRIN1	1	222	1
GRIN2A	0	503	42
GRIN2A	1	201	22
GRM6	0	545	0
GRM6	1	222	1
GRXCR2	0	544	1
GRXCR2	1	223	0
GSDME	0	542	3
GSDME	1	223	0
GTF2H5	0	544	1
GTF2H5	1	223	0
GUCA1B	0	544	1
GUCA1B	1	221	2
GUCY2D	0	544	1
GUCY2D	1	223	0
GUSB	0	544	1
GUSB	1	223	0
GYG1	0	544	1
GYG1	1	223	0
GYS2	0	543	2
GYS2	1	223	0
HADHA	0	545	0
HADHA	1	222	1
HAL	0	542	3
HAL	1	222	1
HEXA	0	545	0
HEXA	1	222	1
HGD	0	544	1
HGD	1	223	0
HGF	0	544	1
HGF	1	223	0
HIBCH	0	543	2
HIBCH	1	223	0
HIP1	0	532	13
HIP1	1	222	1
HMCN1	0	530	15
HMCN1	1	219	4
HMGCS2	0	545	0
HMGCS2	1	222	1
HOXB13	0	543	2
HOXB13	1	223	0
HOXD10	0	544	1
HOXD10	1	223	0
HOXD13	0	544	1
HOXD13	1	223	0
HPD	0	544	1
HPD	1	223	0
HPGD	0	544	1
HPGD	1	223	0
HPS1	0	544	1
HPS1	1	222	1
HPS3	0	543	2
HPS3	1	223	0
HPS5	0	544	1
HPS5	1	223	0
HPS6	0	545	0
HPS6	1	222	1
HR	0	545	0
HR	1	223	0
HSF4	0	544	1
HSF4	1	223	0
HSPB3	0	545	0
HSPB3	1	222	1
HTT	0	545	0
HTT	1	223	0
HYDIN	0	543	2
HYDIN	1	223	0
HYDIN2	0	540	5
HYDIN2	1	221	2
HYLS1	0	543	2
HYLS1	1	223	0
IBA57	0	544	1
IBA57	1	223	0
ICAM4	0	542	3
ICAM4	1	223	0
IDH1	0	543	2
IDH1	1	222	1
IDUA	0	543	2
IDUA	1	220	3
IFIH1	0	533	12
IFIH1	1	215	8
IFITM5	0	545	0
IFITM5	1	222	1
IFNAR2	0	544	1
IFNAR2	1	223	0
IFNGR1	0	544	1
IFNGR1	1	223	0
IFNL1	0	545	0
IFNL1	1	222	1
IFNL2	0	544	1
IFNL2	1	223	0
IFT140	0	544	1
IFT140	1	223	0
IFT172	0	542	3
IFT172	1	222	1
IFT43	0	545	0
IFT43	1	222	1
IGFALS	0	545	0
IGFALS	1	222	1
IGLL1	0	543	2
IGLL1	1	222	1
IL10RB	0	544	1
IL10RB	1	223	0
IL12RB1	0	544	1
IL12RB1	1	223	0
IL23R	0	537	8
IL23R	1	221	2
IL36RN	0	544	1
IL36RN	1	223	0
IL7R	0	545	0
IL7R	1	222	1
ILK	0	544	1
ILK	1	223	0
IMPG2	0	544	1
IMPG2	1	223	0
INPP5E	0	544	1
INPP5E	1	223	0
INVS	0	544	1
INVS	1	221	2
IQCB1	0	545	0
IQCB1	1	222	1
IRAK4	0	544	1
IRAK4	1	223	0
IRS1	0	541	4
IRS1	1	222	1
IRS2	0	544	1
IRS2	1	222	1
ITGA2	0	543	2
ITGA2	1	223	0
ITGA3	0	544	1
ITGA3	1	223	0
ITGA6	0	545	0
ITGA6	1	220	3
ITGA7	0	544	1
ITGA7	1	222	1
ITGAD	0	545	0
ITGAD	1	222	1
ITGAM	0	544	1
ITGAM	1	223	0
ITGB4	0	544	1
ITGB4	1	223	0
ITK	0	545	0
ITK	1	222	1
ITM2B	0	543	2
ITM2B	1	221	2
ITPA	0	543	2
ITPA	1	223	0
ITPR1	0	544	1
ITPR1	1	223	0
JAGN1	0	544	1
JAGN1	1	220	3
JAK3	0	543	2
JAK3	1	223	0
JAM3	0	544	1
JAM3	1	223	0
KANK1	0	545	0
KANK1	1	223	0
KATNAL2	0	503	42
KATNAL2	1	205	18
KCNA5	0	545	0
KCNA5	1	222	1
KCNH2	0	541	4
KCNH2	1	222	1
KCNQ1	0	544	1
KCNQ1	1	223	0
KCNV2	0	543	2
KCNV2	1	223	0
KIF14	0	544	1
KIF14	1	223	0
KIF1C	0	545	0
KIF1C	1	223	0
KIF21A	0	539	6
KIF21A	1	221	2
KIF7	0	544	1
KIF7	1	223	0
KISS1	0	544	1
KISS1	1	223	0
KISS1R	0	544	1
KISS1R	1	223	0
KITLG	0	544	1
KITLG	1	223	0
KL	0	543	2
KL	1	223	0
KLF11	0	544	1
KLF11	1	223	0
KLHL41	0	542	3
KLHL41	1	223	0
KPTN	0	545	0
KPTN	1	222	1
KRT16P3	0	526	19
KRT16P3	1	208	15
KRT17	0	544	1
KRT17	1	223	0
KRT3	0	545	0
KRT3	1	222	1
KRT4	0	544	1
KRT4	1	223	0
KRT6A	0	544	1
KRT6A	1	223	0
KRT74	0	544	1
KRT74	1	223	0
KRT75	0	544	1
KRT75	1	223	0
KRT83	0	535	10
KRT83	1	220	3
LAMA1	0	544	1
LAMA1	1	223	0
LAMA2	0	533	12
LAMA2	1	215	8
LAMA3	0	545	0
LAMA3	1	222	1
LAMA4	0	545	0
LAMA4	1	222	1
LAMB1	0	544	1
LAMB1	1	223	0
LAMB3	0	541	4
LAMB3	1	223	0
LAMC3	0	543	2
LAMC3	1	222	1
LARGE1	0	545	0
LARGE1	1	222	1
LARP7	0	544	1
LARP7	1	222	1
LCA5	0	545	0
LCA5	1	221	2
LCAT	0	545	0
LCAT	1	222	1
LDB3	0	532	13
LDB3	1	220	3
LEFTY1	0	545	0
LEFTY1	1	222	1
LGI1	0	542	3
LGI1	1	222	1
LHCGR	0	544	1
LHCGR	1	223	0
LIAS	0	545	0
LIAS	1	222	1
LIG4	0	545	0
LIG4	1	223	0
LIPA	0	545	0
LIPA	1	222	1
LIPC	0	543	2
LIPC	1	223	0
LIPN	0	544	1
LIPN	1	222	1
LMBRD1	0	544	1
LMBRD1	1	223	0
LOXHD1	0	527	18
LOXHD1	1	213	10
LOXL1	0	544	1
LOXL1	1	223	0
LPAR6	0	532	13
LPAR6	1	220	3
LRBA	0	544	1
LRBA	1	222	1
LRP8	0	544	1
LRP8	1	223	0
LRPAP1	0	544	1
LRPAP1	1	223	0
LRPPRC	0	544	1
LRPPRC	1	223	0
LRRC6	0	544	1
LRRC6	1	223	0
LRRK2	0	542	3
LRRK2	1	223	0
LRTOMT	0	544	1
LRTOMT	1	223	0
LTBP4	0	545	0
LTBP4	1	222	1
LYRM4	0	544	1
LYRM4	1	223	0
LYST	0	539	6
LYST	1	221	2
LZTFL1	0	545	0
LZTFL1	1	223	0
LZTR1	0	543	2
LZTR1	1	223	0
MAD1L1	0	542	3
MAD1L1	1	223	0
MALT1	0	544	1
MALT1	1	223	0
MAN2B1	0	543	2
MAN2B1	1	223	0
MAP3K1	0	543	2
MAP3K1	1	223	0
MARS1	0	544	1
MARS1	1	223	0
MARS2	0	544	1
MARS2	1	222	1
MASP2	0	544	1
MASP2	1	223	0
MASTL	0	543	2
MASTL	1	223	0
MAT1A	0	544	1
MAT1A	1	223	0
MATN3	0	544	1
MATN3	1	222	1
MATR3	0	542	3
MATR3	1	223	0
MBL2	0	544	1
MBL2	1	223	0
MC1R	0	544	1
MC1R	1	221	2
MCEE	0	543	2
MCEE	1	223	0
MCOLN1	0	544	1
MCOLN1	1	223	0
MCPH1	0	543	2
MCPH1	1	223	0
MED13L	0	544	1
MED13L	1	221	2
MEFV	0	544	1
MEFV	1	223	0
MEGF8	0	544	1
MEGF8	1	223	0
MERTK	0	541	4
MERTK	1	222	1
MESP2	0	544	1
MESP2	1	223	0
METTL23	0	544	1
METTL23	1	222	1
MFF	0	541	4
MFF	1	221	2
MFRP	0	544	1
MFRP	1	223	0
MFSD8	0	544	1
MFSD8	1	223	0
MGP	0	545	0
MGP	1	222	1
MIB1	0	544	1
MIB1	1	223	0
MLH3	0	545	0
MLH3	1	222	1
MLPH	0	545	0
MLPH	1	221	2
MMAA	0	544	1
MMAA	1	223	0
MMACHC	0	544	1
MMACHC	1	223	0
MMP1	0	504	41
MMP1	1	210	13
MMP20	0	544	1
MMP20	1	223	0
MMP9	0	545	0
MMP9	1	222	1
MOGS	0	544	1
MOGS	1	223	0
MPI	0	544	1
MPI	1	223	0
MPLKIP	0	544	1
MPLKIP	1	223	0
MPO	0	532	13
MPO	1	217	6
MRE11	0	545	0
MRE11	1	222	1
MRPL3	0	544	1
MRPL3	1	223	0
MRPS22	0	545	0
MRPS22	1	223	0
MS4A2	0	542	3
MS4A2	1	223	0
MSH3	0	542	3
MSH3	1	222	1
MSH6	0	544	1
MSH6	1	222	1
MSR1	0	536	9
MSR1	1	219	4
MSTN	0	544	1
MSTN	1	223	0
MTFMT	0	544	1
MTFMT	1	222	1
MTHFR	0	545	0
MTHFR	1	222	1
MTMR14	0	544	1
MTMR14	1	223	0
MTMR2	0	537	8
MTMR2	1	220	3
MTO1	0	545	0
MTO1	1	223	0
MTR	0	537	8
MTR	1	219	4
MUC1	0	545	0
MUC1	1	223	0
MUC5B	0	530	15
MUC5B	1	219	4
MUTYH	0	545	0
MUTYH	1	221	2
MYF6	0	544	1
MYF6	1	223	0
MYH1	0	545	0
MYH1	1	221	2
MYH2	0	545	0
MYH2	1	222	1
MYH6	0	541	4
MYH6	1	222	1
MYH8	0	536	9
MYH8	1	220	3
MYLK	0	544	1
MYLK	1	223	0
MYLKP1	0	509	36
MYLKP1	1	210	13
MYO15A	0	541	4
MYO15A	1	220	3
MYO1A	0	544	1
MYO1A	1	220	3
MYO1C	0	540	5
MYO1C	1	221	2
MYO1F	0	545	0
MYO1F	1	222	1
MYO3A	0	543	2
MYO3A	1	220	3
MYO5B	0	544	1
MYO5B	1	223	0
MYO7A	0	544	1
MYO7A	1	223	0
MYO9B	0	532	13
MYO9B	1	218	5
MYOC	0	543	2
MYOC	1	222	1
MYOT	0	544	1
MYOT	1	223	0
MYOZ2	0	544	1
MYOZ2	1	223	0
MYPN	0	544	1
MYPN	1	223	0
NAGLU	0	544	1
NAGLU	1	223	0
NAGPA	0	534	11
NAGPA	1	217	6
NARS2	0	544	1
NARS2	1	223	0
NBAS	0	539	6
NBAS	1	223	0
NBEAL2	0	543	2
NBEAL2	1	222	1
NBN	0	541	4
NBN	1	222	1
NCF1	0	544	1
NCF1	1	223	0
NDUFA12	0	544	1
NDUFA12	1	223	0
NDUFA7	0	545	0
NDUFA7	1	223	0
NDUFA9	0	544	1
NDUFA9	1	223	0
NDUFAF3	0	545	0
NDUFAF3	1	222	1
NDUFAF6	0	543	2
NDUFAF6	1	222	1
NDUFAF7	0	507	38
NDUFAF7	1	204	19
NDUFB3	0	545	0
NDUFB3	1	222	1
NDUFB9	0	543	2
NDUFB9	1	223	0
NDUFS3	0	543	2
NDUFS3	1	223	0
NDUFS4	0	544	1
NDUFS4	1	223	0
NDUFV3	0	537	8
NDUFV3	1	218	5
NEB	0	535	10
NEB	1	218	5
NEBL	0	538	7
NEBL	1	223	0
NEDD4	0	545	0
NEDD4	1	222	1
NEFL	0	544	1
NEFL	1	223	0
NEK1	0	544	1
NEK1	1	222	1
NEK2	0	545	0
NEK2	1	222	1
NEK8	0	544	1
NEK8	1	223	0
NF1	0	544	1
NF1	1	222	1
NFKB2	0	541	4
NFKB2	1	222	1
NFU1	0	544	1
NFU1	1	223	0
NGF	0	545	0
NGF	1	223	0
NGLY1	0	544	1
NGLY1	1	223	0
NKX2-1	0	544	1
NKX2-1	1	223	0
NLRC4	0	541	4
NLRC4	1	221	2
NOD2	0	488	57
NOD2	1	203	20
NOL3	0	544	1
NOL3	1	223	0
NOS3	0	544	1
NOS3	1	223	0
NOTCH1	0	544	1
NOTCH1	1	223	0
NOTCH3	0	544	1
NOTCH3	1	222	1
NPC1	0	544	1
NPC1	1	223	0
NPC2	0	544	1
NPC2	1	223	0
NPHP3	0	543	2
NPHP3	1	222	1
NPHP4	0	544	1
NPHP4	1	222	1
NPHS2	0	545	0
NPHS2	1	222	1
NPSR1	0	544	1
NPSR1	1	221	2
NR2E3	0	544	1
NR2E3	1	223	0
NR3C1	0	545	0
NR3C1	1	222	1
NR4A2	0	545	0
NR4A2	1	223	0
NR5A2	0	544	1
NR5A2	1	223	0
NSD2	0	544	1
NSD2	1	220	3
NTHL1	0	543	2
NTHL1	1	220	3
NTRK1	0	543	2
NTRK1	1	223	0
OBSL1	0	532	13
OBSL1	1	219	4
OPRM1	0	544	1
OPRM1	1	223	0
OPTN	0	542	3
OPTN	1	223	0
ORAI1	0	535	10
ORAI1	1	221	2
ORC4	0	545	0
ORC4	1	222	1
ORC6	0	544	1
ORC6	1	223	0
OTOA	0	503	42
OTOA	1	207	16
OTOF	0	543	2
OTOF	1	223	0
OTOG	0	538	7
OTOG	1	221	2
OTOGL	0	542	3
OTOGL	1	222	1
OXA1L	0	541	4
OXA1L	1	222	1
P2RX2	0	542	3
P2RX2	1	223	0
PADI4	0	543	2
PADI4	1	222	1
PAFAH1B1	0	545	0
PAFAH1B1	1	222	1
PAH	0	545	0
PAH	1	222	1
PAX4	0	543	2
PAX4	1	223	0
PCARE	0	545	0
PCARE	1	221	2
PCDH15	0	544	1
PCDH15	1	223	0
PCK2	0	543	2
PCK2	1	222	1
PCSK1	0	545	0
PCSK1	1	223	0
PCSK9	0	545	0
PCSK9	1	222	1
PDE11A	0	536	9
PDE11A	1	220	3
PDE6B	0	504	41
PDE6B	1	203	20
PDE6C	0	544	1
PDE6C	1	223	0
PDE6H	0	544	1
PDE6H	1	223	0
PDSS2	0	544	1
PDSS2	1	223	0
PDX1	0	544	1
PDX1	1	223	0
PDZD7	0	544	1
PDZD7	1	223	0
PEX1	0	534	11
PEX1	1	218	5
PEX14	0	544	1
PEX14	1	223	0
PEX7	0	538	7
PEX7	1	223	0
PFKM	0	545	0
PFKM	1	222	1
PFN1	0	542	3
PFN1	1	221	2
PGAM2	0	545	0
PGAM2	1	223	0
PHC1	0	543	2
PHC1	1	221	2
PHKB	0	529	16
PHKB	1	213	10
PIEZO1	0	515	30
PIEZO1	1	211	12
PIGO	0	545	0
PIGO	1	221	2
PIGT	0	544	1
PIGT	1	223	0
PIGV	0	545	0
PIGV	1	222	1
PIKFYVE	0	544	1
PIKFYVE	1	222	1
PKHD1	0	542	3
PKHD1	1	222	1
PKP2	0	544	1
PKP2	1	223	0
PLA2G7	0	544	1
PLA2G7	1	223	0
PLCE1	0	544	1
PLCE1	1	223	0
PLEC	0	544	1
PLEC	1	223	0
PLEKHG5	0	544	1
PLEKHG5	1	223	0
PLOD2	0	544	1
PLOD2	1	223	0
PMM2	0	545	0
PMM2	1	222	1
PMP22	0	541	4
PMP22	1	222	1
PMS1	0	545	0
PMS1	1	221	2
PNKD	0	544	1
PNKD	1	222	1
PNKP	0	541	4
PNKP	1	223	0
PNPLA1	0	528	17
PNPLA1	1	217	6
PNPLA3	0	544	1
PNPLA3	1	223	0
PNPLA6	0	544	1
PNPLA6	1	223	0
POGLUT1	0	543	2
POGLUT1	1	223	0
POLE	0	543	2
POLE	1	222	1
POLG	0	544	1
POLG	1	223	0
POLR3B	0	543	2
POLR3B	1	223	0
POM121L9P	0	540	5
POM121L9P	1	218	5
POMC	0	544	1
POMC	1	221	2
POMGNT1	0	542	3
POMGNT1	1	223	0
POMK	0	543	2
POMK	1	223	0
POMP	0	544	1
POMP	1	223	0
POMT1	0	539	6
POMT1	1	222	1
POMT2	0	545	0
POMT2	1	222	1
POR	0	545	0
POR	1	222	1
PPP2R1B	0	544	1
PPP2R1B	1	223	0
PRDM5	0	544	1
PRDM5	1	223	0
PRF1	0	544	1
PRF1	1	223	0
PRIMPOL	0	543	2
PRIMPOL	1	223	0
PROS1	0	545	0
PROS1	1	223	0
PRPF6	0	542	3
PRPF6	1	223	0
PRPH	0	540	5
PRPH	1	222	1
PRPS1L1	0	520	25
PRPS1L1	1	219	4
PRSS12	0	535	10
PRSS12	1	220	3
PRX	0	543	2
PRX	1	223	0
PSAT1	0	544	1
PSAT1	1	223	0
PSMA6	0	544	1
PSMA6	1	223	0
PSPHP1	0	536	9
PSPHP1	1	216	7
PTCH2	0	542	3
PTCH2	1	222	1
PTGIS	0	544	1
PTGIS	1	221	2
PTH	0	544	1
PTH	1	223	0
PTPN22	0	541	4
PTPN22	1	221	2
PTPRC	0	545	0
PTPRC	1	223	0
PTPRQ	0	545	0
PTPRQ	1	221	2
PTS	0	544	1
PTS	1	223	0
PUS1	0	544	1
PUS1	1	223	0
PYCR1	0	544	1
PYCR1	1	223	0
PYGL	0	544	1
PYGL	1	223	0
PYGM	0	544	1
PYGM	1	223	0
RAB18	0	537	8
RAB18	1	222	1
RAB27A	0	544	1
RAB27A	1	223	0
RAB3GAP1	0	544	1
RAB3GAP1	1	223	0
RAB3GAP2	0	544	1
RAB3GAP2	1	223	0
RAD21	0	541	4
RAD21	1	223	0
RAD50	0	509	36
RAD50	1	211	12
RAD51B	0	545	0
RAD51B	1	222	1
RAD54B	0	544	1
RAD54B	1	223	0
RAG1	0	544	1
RAG1	1	223	0
RAG2	0	544	1
RAG2	1	223	0
RANGRF	0	537	8
RANGRF	1	220	3
RARS2	0	544	1
RARS2	1	223	0
RASA1	0	541	4
RASA1	1	223	0
RBBP8	0	540	5
RBBP8	1	223	0
RBP3	0	545	0
RBP3	1	222	1
RCBTB1	0	544	1
RCBTB1	1	223	0
RD3	0	545	0
RD3	1	222	1
RDH11	0	544	1
RDH11	1	223	0
RDH5	0	544	1
RDH5	1	223	0
RECQL4	0	543	2
RECQL4	1	223	0
REEP2	0	544	1
REEP2	1	223	0
RELN	0	541	4
RELN	1	223	0
RFX5	0	544	1
RFX5	1	223	0
RFXAP	0	545	0
RFXAP	1	222	1
RGR	0	545	0
RGR	1	223	0
RGS9	0	544	1
RGS9	1	222	1
RGS9BP	0	544	1
RGS9BP	1	221	2
RIMS1	0	544	1
RIMS1	1	223	0
RIN2	0	542	3
RIN2	1	223	0
RIPK4	0	541	4
RIPK4	1	221	2
RMND1	0	544	1
RMND1	1	223	0
RNASEH2A	0	544	1
RNASEH2A	1	223	0
RNASEH2B	0	540	5
RNASEH2B	1	223	0
RNASEL	0	535	10
RNASEL	1	222	1
RNASET2	0	545	0
RNASET2	1	222	1
RNF212	0	542	3
RNF212	1	222	1
RNF213	0	543	2
RNF213	1	222	1
ROBO3	0	544	1
ROBO3	1	223	0
ROM1	0	540	5
ROM1	1	222	1
RP1	0	544	1
RP1	1	223	0
RP1L1	0	541	4
RP1L1	1	217	6
RPE65	0	543	2
RPE65	1	223	0
RPGRIP1	0	544	1
RPGRIP1	1	223	0
RPGRIP1L	0	544	1
RPGRIP1L	1	223	0
RSPH1	0	545	0
RSPH1	1	222	1
RTEL1-TNFRSF6B	0	544	1
RTEL1-TNFRSF6B	1	222	1
RTN2	0	543	2
RTN2	1	223	0
RTTN	0	545	0
RTTN	1	221	2
RYR1	0	541	4
RYR1	1	221	2
RYR2	0	532	13
RYR2	1	217	6
SACS	0	541	4
SACS	1	219	4
SALL2	0	543	2
SALL2	1	223	0
SAMHD1	0	544	1
SAMHD1	1	223	0
SARDH	0	543	2
SARDH	1	223	0
SBDS	0	538	7
SBDS	1	221	2
SBF1	0	542	3
SBF1	1	223	0
SBF2-AS1	0	539	6
SBF2-AS1	1	222	1
SCN10A	0	513	32
SCN10A	1	209	14
SCN11A	0	544	1
SCN11A	1	223	0
SCN4A	0	538	7
SCN4A	1	223	0
SCN9A	0	544	1
SCN9A	1	223	0
SCNN1B	0	544	1
SCNN1B	1	223	0
SCO2	0	543	2
SCO2	1	223	0
SCP2	0	543	2
SCP2	1	220	3
SDHA	0	509	36
SDHA	1	213	10
SDHAP1	0	500	45
SDHAP1	1	210	13
SEC23B	0	544	1
SEC23B	1	223	0
SEC63	0	534	11
SEC63	1	221	2
SELENON	0	545	0
SELENON	1	222	1
SELP	0	544	1
SELP	1	222	1
SEMA3E	0	538	7
SEMA3E	1	222	1
SEMA4A	0	544	1
SEMA4A	1	222	1
SEPTIN12	0	543	2
SEPTIN12	1	223	0
SERPINA3	0	544	1
SERPINA3	1	222	1
SERPING1	0	544	1
SERPING1	1	223	0
SERPINI1	0	544	1
SERPINI1	1	223	0
SETBP1	0	544	1
SETBP1	1	223	0
SETD5	0	544	1
SETD5	1	223	0
SETX	0	543	2
SETX	1	223	0
SFTPA1	0	543	2
SFTPA1	1	222	1
SFTPB	0	544	1
SFTPB	1	223	0
SFXN4	0	543	2
SFXN4	1	221	2
SGCB	0	544	1
SGCB	1	223	0
SH3BP2	0	543	2
SH3BP2	1	223	0
SH3PXD2B	0	544	1
SH3PXD2B	1	223	0
SH3TC2	0	544	1
SH3TC2	1	222	1
SHANK2	0	544	1
SHANK2	1	223	0
SHMT1	0	544	1
SHMT1	1	221	2
SI	0	542	3
SI	1	223	0
SIAE	0	543	2
SIAE	1	223	0
SIL1	0	544	1
SIL1	1	223	0
SIM1	0	544	1
SIM1	1	223	0
SIX3	0	543	2
SIX3	1	222	1
SLC10A2	0	545	0
SLC10A2	1	222	1
SLC12A3	0	544	1
SLC12A3	1	223	0
SLC12A6	0	544	1
SLC12A6	1	223	0
SLC19A2	0	545	0
SLC19A2	1	223	0
SLC22A5	0	544	1
SLC22A5	1	223	0
SLC24A1	0	544	1
SLC24A1	1	223	0
SLC25A2	0	531	14
SLC25A2	1	219	4
SLC25A20	0	545	0
SLC25A20	1	223	0
SLC26A2	0	545	0
SLC26A2	1	222	1
SLC26A3	0	544	1
SLC26A3	1	223	0
SLC26A4	0	543	2
SLC26A4	1	223	0
SLC26A5	0	533	12
SLC26A5	1	219	4
SLC27A4	0	544	1
SLC27A4	1	223	0
SLC2A2	0	545	0
SLC2A2	1	222	1
SLC2A9	0	543	2
SLC2A9	1	223	0
SLC34A1	0	537	8
SLC34A1	1	222	1
SLC34A3	0	538	7
SLC34A3	1	221	2
SLC35D1	0	543	2
SLC35D1	1	223	0
SLC37A4	0	0	545
SLC37A4	1	0	223
SLC38A8	0	544	1
SLC38A8	1	223	0
SLC39A5	0	540	5
SLC39A5	1	221	2
SLC4A10	0	544	1
SLC4A10	1	223	0
SLC4A11	0	511	34
SLC4A11	1	217	6
SLC5A1	0	544	1
SLC5A1	1	223	0
SLC5A2	0	545	0
SLC5A2	1	222	1
SLC6A2	0	544	1
SLC6A2	1	223	0
SLC6A20	0	542	3
SLC6A20	1	223	0
SLC9A9	0	545	0
SLC9A9	1	222	1
SLCO1B1	0	544	1
SLCO1B1	1	223	0
SLCO1B3	0	537	8
SLCO1B3	1	220	3
SLCO1B7	0	540	5
SLCO1B7	1	222	1
SLMAP	0	540	5
SLMAP	1	222	1
SLX4	0	542	3
SLX4	1	221	2
SMAD4	0	539	6
SMAD4	1	215	8
SMARCA2	0	544	1
SMARCA2	1	223	0
SMARCA4	0	544	1
SMARCA4	1	223	0
SMARCAL1	0	545	0
SMARCAL1	1	222	1
SMCHD1	0	544	1
SMCHD1	1	223	0
SMOC1	0	545	0
SMOC1	1	222	1
SMPD1	0	528	17
SMPD1	1	221	2
SOST	0	544	1
SOST	1	223	0
SPAG1	0	544	1
SPAG1	1	222	1
SPATA16	0	545	0
SPATA16	1	223	0
SPEG	0	544	1
SPEG	1	222	1
SPG11	0	542	3
SPG11	1	223	0
SPG21	0	545	0
SPG21	1	222	1
SPINK1	0	545	0
SPINK1	1	221	2
SPINK5	0	543	2
SPINK5	1	223	0
SPTA1	0	545	0
SPTA1	1	223	0
SPTB	0	545	0
SPTB	1	223	0
SPTBN2	0	543	2
SPTBN2	1	223	0
SQSTM1	0	544	1
SQSTM1	1	223	0
SRCAP	0	540	5
SRCAP	1	221	2
ST3GAL5	0	544	1
ST3GAL5	1	223	0
STAC3	0	545	0
STAC3	1	222	1
STAT2	0	545	0
STAT2	1	222	1
STAT5B	0	542	3
STAT5B	1	222	1
STIL	0	541	4
STIL	1	223	0
STIM1	0	540	5
STIM1	1	220	3
STING1	0	543	2
STING1	1	223	0
STOX1	0	545	0
STOX1	1	223	0
STRA6	0	544	1
STRA6	1	223	0
STRC	0	544	1
STRC	1	222	1
STT3A	0	543	2
STT3A	1	223	0
STXBP2	0	544	1
STXBP2	1	223	0
SUCLA2	0	544	1
SUCLA2	1	223	0
SUGCT	0	544	1
SUGCT	1	223	0
SURF1	0	544	1
SURF1	1	223	0
SYCP3	0	536	9
SYCP3	1	219	4
SYNE1	0	543	2
SYNE1	1	221	2
SYNE2	0	544	1
SYNE2	1	223	0
SYNE4	0	544	1
SYNE4	1	223	0
SZT2	0	543	2
SZT2	1	223	0
TBCE	0	542	3
TBCE	1	222	1
TBX19	0	544	1
TBX19	1	222	1
TBXAS1	0	545	0
TBXAS1	1	221	2
TCIRG1	0	544	1
TCIRG1	1	222	1
TCN1	0	544	1
TCN1	1	223	0
TCTN2	0	545	0
TCTN2	1	223	0
TCTN3	0	544	1
TCTN3	1	223	0
TECR	0	544	1
TECR	1	223	0
TEK	0	545	0
TEK	1	222	1
TET2	0	538	7
TET2	1	222	1
TG	0	540	5
TG	1	223	0
TGFBI	0	545	0
TGFBI	1	222	1
TGM1	0	545	0
TGM1	1	222	1
TGM5	0	544	1
TGM5	1	223	0
TGM6	0	545	0
TGM6	1	221	2
TH	0	544	1
TH	1	223	0
TIRAP	0	545	0
TIRAP	1	221	2
TLDC2	0	543	2
TLDC2	1	220	3
TLR1	0	544	1
TLR1	1	222	1
TLR2	0	543	2
TLR2	1	222	1
TLR5	0	503	42
TLR5	1	210	13
TMC1	0	544	1
TMC1	1	223	0
TMC6	0	543	2
TMC6	1	223	0
TMC8	0	544	1
TMC8	1	223	0
TMEM126A	0	545	0
TMEM126A	1	222	1
TMEM67	0	544	1
TMEM67	1	223	0
TMEM70	0	544	1
TMEM70	1	222	1
TMPRSS3	0	544	1
TMPRSS3	1	223	0
TMPRSS5	0	540	5
TMPRSS5	1	219	4
TNFRSF1A	0	544	1
TNFRSF1A	1	223	0
TNFSF11	0	545	0
TNFSF11	1	223	0
TNNT2	0	544	1
TNNT2	1	223	0
TNNT3	0	533	12
TNNT3	1	217	6
TOPORS	0	543	2
TOPORS	1	223	0
TOR1AIP1	0	539	6
TOR1AIP1	1	221	2
TPCN2	0	544	1
TPCN2	1	222	1
TPI1	0	544	1
TPI1	1	222	1
TPMT	0	544	1
TPMT	1	222	1
TPP1	0	542	3
TPP1	1	223	0
TPRN	0	544	1
TPRN	1	223	0
TRAPPC11	0	544	1
TRAPPC11	1	223	0
TRAPPC2B	0	545	0
TRAPPC2B	1	223	0
TRDN	0	543	2
TRDN	1	223	0
TRIM32	0	545	0
TRIM32	1	222	1
TRIOBP	0	542	3
TRIOBP	1	221	2
TRMT10A	0	544	1
TRMT10A	1	223	0
TRNT1	0	545	0
TRNT1	1	222	1
TRPC6	0	545	0
TRPC6	1	222	1
TRPM4	0	541	4
TRPM4	1	221	2
TRPV4	0	543	2
TRPV4	1	223	0
TSEN54	0	544	1
TSEN54	1	222	1
TSFM	0	543	2
TSFM	1	221	2
TSHZ1	0	527	18
TSHZ1	1	214	9
TSPEAR	0	545	0
TSPEAR	1	222	1
TTBK2	0	544	1
TTBK2	1	223	0
TTC21B	0	545	0
TTC21B	1	222	1
TTC37	0	545	0
TTC37	1	223	0
TTC7A	0	544	1
TTC7A	1	222	1
TTC8	0	544	1
TTC8	1	223	0
TTI2	0	543	2
TTI2	1	221	2
TTLL5	0	541	4
TTLL5	1	218	5
TTN	0	537	8
TTN	1	221	2
TTN-AS1	0	540	5
TTN-AS1	1	218	5
TTR	0	544	1
TTR	1	223	0
TUBB3	0	544	1
TUBB3	1	223	0
TUBG2	0	544	1
TUBG2	1	223	0
TUBGCP6	0	543	2
TUBGCP6	1	223	0
TULP1	0	545	0
TULP1	1	222	1
TUSC3	0	543	2
TUSC3	1	223	0
TXNRD2	0	544	1
TXNRD2	1	223	0
TYR	0	544	1
TYR	1	223	0
TYRP1	0	544	1
TYRP1	1	223	0
UBR1	0	543	2
UBR1	1	223	0
UCP2	0	544	1
UCP2	1	223	0
UGT1A3	0	544	1
UGT1A3	1	223	0
UGT1A4	0	545	0
UGT1A4	1	222	1
UGT1A5	0	544	1
UGT1A5	1	222	1
UGT1A9	0	545	0
UGT1A9	1	223	0
UNC119	0	544	1
UNC119	1	223	0
UNC13D	0	545	0
UNC13D	1	222	1
UPB1	0	537	8
UPB1	1	220	3
UPK3A	0	538	7
UPK3A	1	220	3
UQCC2	0	544	1
UQCC2	1	223	0
UQCRB	0	540	5
UQCRB	1	219	4
UROD	0	544	1
UROD	1	223	0
UROS	0	544	1
UROS	1	223	0
USH2A	0	537	8
USH2A	1	218	5
UTP14C	0	532	13
UTP14C	1	220	3
VCL	0	545	0
VCL	1	222	1
VCP	0	523	22
VCP	1	219	4
VEGFA	0	544	1
VEGFA	1	223	0
VHL	0	544	1
VHL	1	223	0
VIPAS39	0	544	1
VIPAS39	1	223	0
VLDLR	0	544	1
VLDLR	1	223	0
VPS13A	0	545	0
VPS13A	1	219	4
VPS13B	0	538	7
VPS13B	1	218	5
VPS33B	0	545	0
VPS33B	1	222	1
VPS35P1	0	542	3
VPS35P1	1	221	2
VSX1	0	544	1
VSX1	1	223	0
VWF	0	543	2
VWF	1	223	0
WASHC5	0	543	2
WASHC5	1	223	0
WDR11	0	544	1
WDR11	1	222	1
WDR19	0	544	1
WDR19	1	223	0
WDR35	0	538	7
WDR35	1	223	0
WDR36	0	544	1
WDR36	1	222	1
WDR62	0	544	1
WDR62	1	223	0
WDR72	0	545	0
WDR72	1	223	0
WNK4	0	544	1
WNK4	1	223	0
WNT10A	0	544	1
WNT10A	1	223	0
WNT10B	0	544	1
WNT10B	1	223	0
WRAP53	0	544	1
WRAP53	1	223	0
WRN	0	543	2
WRN	1	221	2
WWOX	0	545	0
WWOX	1	223	0
XDH	0	541	4
XDH	1	220	3
XPA	0	542	3
XPA	1	223	0
XPC	0	542	3
XPC	1	223	0
XPNPEP3	0	545	0
XPNPEP3	1	223	0
XRCC2	0	544	1
XRCC2	1	223	0
ZAP70	0	544	1
ZAP70	1	223	0
ZBTB24	0	544	1
ZBTB24	1	223	0
ZC3H14	0	545	0
ZC3H14	1	222	1
ZFHX3	0	542	3
ZFHX3	1	223	0
ZFHX4	0	544	1
ZFHX4	1	223	0
ZFYVE26	0	544	1
ZFYVE26	1	222	1
ZIC2	0	544	1
ZIC2	1	223	0
ZMPSTE24	0	541	4
ZMPSTE24	1	223	0
ZMYND10	0	544	1
ZMYND10	1	223	0
ZNF335	0	545	0
ZNF335	1	222	1
ZNF407	0	544	1
ZNF407	1	223	0
ZNF526	0	543	2
ZNF526	1	223	0
ZNF644	0	542	3
ZNF644	1	221	2
