kept_transcripts	death	ref	var
A2M	0	628	1
A2M	1	139	0
AARS2	0	626	3
AARS2	1	139	0
ABCA1	0	627	2
ABCA1	1	139	0
ABCA12	0	627	2
ABCA12	1	139	0
ABCA4	0	628	1
ABCA4	1	139	0
ABCB1	0	627	2
ABCB1	1	139	0
ABCB4	0	628	1
ABCB4	1	139	0
ABCB6	0	625	4
ABCB6	1	139	0
ABCC11	0	616	13
ABCC11	1	133	6
ABCC12	0	628	1
ABCC12	1	139	0
ABCC2	0	627	2
ABCC2	1	138	1
ABCC8	0	627	2
ABCC8	1	139	0
ABCC9	0	624	5
ABCC9	1	139	0
ABCG2	0	628	1
ABCG2	1	139	0
ABCG5	0	628	1
ABCG5	1	139	0
ABCG8	0	626	3
ABCG8	1	139	0
ABO	0	608	21
ABO	1	135	4
AC002470.2	0	628	1
AC002470.2	1	139	0
AC008629.1	0	628	1
AC008629.1	1	139	0
AC009533.1	0	628	1
AC009533.1	1	138	1
AC010789.2	0	627	2
AC010789.2	1	139	0
AC011530.1	0	627	2
AC011530.1	1	139	0
AC048338.1	0	628	1
AC048338.1	1	139	0
AC093512.2	0	629	0
AC093512.2	1	138	1
ACACB	0	626	3
ACACB	1	139	0
ACAD8	0	628	1
ACAD8	1	139	0
ACADL	0	618	11
ACADL	1	132	7
ACADSB	0	627	2
ACADSB	1	138	1
ACADVL	0	628	1
ACADVL	1	139	0
ACAT2	0	628	1
ACAT2	1	139	0
ACBD6	0	615	14
ACBD6	1	137	2
ACSF3	0	626	3
ACSF3	1	139	0
ACTG1	0	628	1
ACTG1	1	139	0
ACTN4	0	629	0
ACTN4	1	139	0
ACVR2B	0	628	1
ACVR2B	1	139	0
ADAMTS10	0	628	1
ADAMTS10	1	139	0
ADAMTS13	0	628	1
ADAMTS13	1	139	0
ADAMTS18	0	618	11
ADAMTS18	1	136	3
ADAMTSL2	0	626	3
ADAMTSL2	1	139	0
ADAMTSL4	0	623	6
ADAMTSL4	1	137	2
ADD1	0	628	1
ADD1	1	137	2
ADH1A	0	628	1
ADH1A	1	139	0
ADH1C	0	598	31
ADH1C	1	134	5
AGBL1	0	625	4
AGBL1	1	139	0
AGGF1	0	628	1
AGGF1	1	139	0
AGL	0	629	0
AGL	1	139	0
AGPS	0	625	4
AGPS	1	139	0
AGRN	0	629	0
AGRN	1	138	1
AGXT2	0	616	13
AGXT2	1	134	5
AHCY	0	629	0
AHCY	1	139	0
AIPL1	0	628	1
AIPL1	1	138	1
AIRE	0	625	4
AIRE	1	139	0
AKAP9	0	628	1
AKAP9	1	139	0
AL358113.1	0	628	1
AL358113.1	1	139	0
AL450384.2	0	628	1
AL450384.2	1	139	0
ALB	0	628	1
ALB	1	139	0
ALDH7A1	0	628	1
ALDH7A1	1	139	0
ALG11	0	628	1
ALG11	1	139	0
ALG12	0	627	2
ALG12	1	139	0
ALG6	0	628	1
ALG6	1	139	0
ALK	0	604	25
ALK	1	135	4
ALMS1	0	625	4
ALMS1	1	138	1
ALOX12B	0	628	1
ALOX12B	1	139	0
ALOXE3	0	624	5
ALOXE3	1	138	1
AMH	0	628	1
AMH	1	139	0
AMPD1	0	627	2
AMPD1	1	139	0
ANG	0	629	0
ANG	1	138	1
ANGPTL4	0	626	3
ANGPTL4	1	137	2
ANKH	0	628	1
ANKH	1	139	0
ANKRD26	0	627	2
ANKRD26	1	137	2
ANLN	0	628	1
ANLN	1	139	0
ANO10	0	575	54
ANO10	1	123	16
ANO3	0	629	0
ANO3	1	138	1
ANO5	0	628	1
ANO5	1	139	0
ANO6	0	627	2
ANO6	1	139	0
ANTXR2	0	603	26
ANTXR2	1	131	8
AP1S1	0	628	1
AP1S1	1	139	0
AP4E1	0	627	2
AP4E1	1	139	0
AP4S1	0	629	0
AP4S1	1	138	1
AP5Z1	0	628	1
AP5Z1	1	139	0
APC	0	628	1
APC	1	139	0
APOA4	0	627	2
APOA4	1	139	0
APOB	0	628	1
APOB	1	138	1
APOC3	0	624	5
APOC3	1	138	1
APOL2	0	628	1
APOL2	1	139	0
APTX	0	627	2
APTX	1	138	1
ARMC4	0	628	1
ARMC4	1	139	0
ASAH1	0	628	1
ASAH1	1	139	0
ASB10	0	628	1
ASB10	1	139	0
ASCC1	0	617	12
ASCC1	1	136	3
ASIP	0	628	1
ASIP	1	139	0
ASPA	0	627	2
ASPA	1	139	0
ASPM	0	627	2
ASPM	1	139	0
ASS1	0	628	1
ASS1	1	139	0
ASXL1	0	615	14
ASXL1	1	137	2
ATG9B	0	629	0
ATG9B	1	138	1
ATIC	0	628	1
ATIC	1	139	0
ATM	0	626	3
ATM	1	138	1
ATN1	0	629	0
ATN1	1	139	0
ATP13A2	0	628	1
ATP13A2	1	139	0
ATP1A2	0	628	1
ATP1A2	1	139	0
ATP2A1	0	627	2
ATP2A1	1	139	0
ATP2C1	0	629	0
ATP2C1	1	139	0
ATP5F1A	0	628	1
ATP5F1A	1	139	0
ATP6V0A4	0	628	1
ATP6V0A4	1	139	0
ATP7B	0	626	3
ATP7B	1	138	1
ATP8A2	0	628	1
ATP8A2	1	139	0
ATR	0	628	1
ATR	1	139	0
ATXN1	0	629	0
ATXN1	1	139	0
ATXN10	0	628	1
ATXN10	1	139	0
ATXN7	0	628	1
ATXN7	1	139	0
AURKA	0	625	4
AURKA	1	138	1
AUTS2	0	628	1
AUTS2	1	139	0
B3GALNT2	0	628	1
B3GALNT2	1	139	0
B4GALNT1	0	628	1
B4GALNT1	1	139	0
BANK1	0	628	1
BANK1	1	139	0
BARD1	0	628	1
BARD1	1	139	0
BBS12	0	629	0
BBS12	1	138	1
BBS4	0	628	1
BBS4	1	139	0
BBS7	0	625	4
BBS7	1	137	2
BBS9	0	628	1
BBS9	1	139	0
BCAT2	0	628	1
BCAT2	1	139	0
BCHE	0	628	1
BCHE	1	138	1
BCKDHB	0	628	1
BCKDHB	1	139	0
BCL10	0	629	0
BCL10	1	138	1
BCS1L	0	628	1
BCS1L	1	139	0
BDNF	0	628	1
BDNF	1	139	0
BEAN1	0	628	1
BEAN1	1	139	0
BFSP1	0	621	8
BFSP1	1	136	3
BIN1	0	629	0
BIN1	1	138	1
BIVM-ERCC5	0	626	3
BIVM-ERCC5	1	139	0
BLK	0	628	1
BLK	1	138	1
BLOC1S3	0	628	1
BLOC1S3	1	139	0
BLOC1S6	0	621	8
BLOC1S6	1	137	2
BMPR1A	0	628	1
BMPR1A	1	139	0
BRAT1	0	628	1
BRAT1	1	138	1
BRCA1	0	628	1
BRCA1	1	139	0
BRCA2	0	609	20
BRCA2	1	135	4
BRIP1	0	627	2
BRIP1	1	138	1
BTD	0	622	7
BTD	1	139	0
C12orf65	0	628	1
C12orf65	1	139	0
C19orf12	0	628	1
C19orf12	1	139	0
C1R	0	622	7
C1R	1	136	3
C2CD3	0	628	1
C2CD3	1	139	0
C3	0	629	0
C3	1	139	0
C5	0	628	1
C5	1	139	0
C6	0	623	6
C6	1	135	4
C7	0	628	1
C7	1	139	0
C8A	0	628	1
C8A	1	138	1
C8B	0	618	11
C8B	1	139	0
C9	0	622	7
C9	1	137	2
C9orf72	0	627	2
C9orf72	1	139	0
CA12	0	628	1
CA12	1	139	0
CABP2	0	627	2
CABP2	1	138	1
CABP4	0	629	0
CABP4	1	139	0
CACNA1A	0	628	1
CACNA1A	1	139	0
CACNA1B	0	628	1
CACNA1B	1	139	0
CACNA1D	0	628	1
CACNA1D	1	139	0
CACNA1H	0	626	3
CACNA1H	1	139	0
CACNA2D4	0	627	2
CACNA2D4	1	139	0
CACNB2	0	629	0
CACNB2	1	139	0
CANT1	0	629	0
CANT1	1	139	0
CAPN3	0	625	4
CAPN3	1	139	0
CAPN5	0	628	1
CAPN5	1	139	0
CARD14	0	628	1
CARD14	1	139	0
CARD9	0	623	6
CARD9	1	137	2
CARS2	0	624	5
CARS2	1	139	0
CASP8	0	589	40
CASP8	1	130	9
CASQ2	0	628	1
CASQ2	1	139	0
CAT	0	628	1
CAT	1	139	0
CATSPER1	0	622	7
CATSPER1	1	138	1
CATSPER2	0	628	1
CATSPER2	1	139	0
CAVIN4	0	628	1
CAVIN4	1	139	0
CC2D1A	0	629	0
CC2D1A	1	139	0
CC2D2A	0	628	1
CC2D2A	1	138	1
CCDC103	0	629	0
CCDC103	1	138	1
CCDC114	0	628	1
CCDC114	1	139	0
CCDC151	0	628	1
CCDC151	1	139	0
CCDC39	0	610	19
CCDC39	1	134	5
CCDC40	0	628	1
CCDC40	1	139	0
CCDC78	0	627	2
CCDC78	1	139	0
CCDC8	0	628	1
CCDC8	1	139	0
CCDC88C	0	628	1
CCDC88C	1	139	0
CCNO	0	628	1
CCNO	1	139	0
CCR5	0	628	1
CCR5	1	139	0
CD36	0	596	33
CD36	1	139	0
CD3E	0	629	0
CD3E	1	138	1
CD3G	0	613	16
CD3G	1	136	3
CD96	0	626	3
CD96	1	138	1
CDH15	0	628	1
CDH15	1	138	1
CDH23	0	629	0
CDH23	1	139	0
CDK5RAP2	0	625	4
CDK5RAP2	1	138	1
CDKN2B	0	628	1
CDKN2B	1	139	0
CDON	0	628	1
CDON	1	139	0
CEACAM16	0	628	1
CEACAM16	1	139	0
CEL	0	627	2
CEL	1	139	0
CENPE	0	628	1
CENPE	1	139	0
CENPJ	0	627	2
CENPJ	1	139	0
CEP135	0	628	1
CEP135	1	138	1
CEP152	0	627	2
CEP152	1	138	1
CEP164	0	621	8
CEP164	1	138	1
CEP290	0	623	6
CEP290	1	139	0
CEP63	0	628	1
CEP63	1	138	1
CETP	0	627	2
CETP	1	139	0
CFAP206	0	621	8
CFAP206	1	137	2
CFH	0	620	9
CFH	1	137	2
CFHR2	0	618	11
CFHR2	1	139	0
CFHR3	0	628	1
CFHR3	1	139	0
CFHR4	0	627	2
CFHR4	1	138	1
CFHR5	0	627	2
CFHR5	1	138	1
CFI	0	627	2
CFI	1	139	0
CFTR	0	627	2
CFTR	1	139	0
CHD8	0	628	1
CHD8	1	139	0
CHEK1	0	615	14
CHEK1	1	137	2
CHEK2	0	627	2
CHEK2	1	138	1
CHIT1	0	624	5
CHIT1	1	137	2
CHKB	0	628	1
CHKB	1	139	0
CHMP1A	0	627	2
CHMP1A	1	139	0
CHMP2B	0	628	1
CHMP2B	1	139	0
CHRNA5	0	628	1
CHRNA5	1	139	0
CHRNB2	0	629	0
CHRNB2	1	138	1
CHRNB4	0	628	1
CHRNB4	1	139	0
CHRNE	0	628	1
CHRNE	1	137	2
CHRNG	0	628	1
CHRNG	1	139	0
CHST5	0	629	0
CHST5	1	138	1
CHST6	0	629	0
CHST6	1	138	1
CIDEC	0	628	1
CIDEC	1	139	0
CILP	0	628	1
CILP	1	138	1
CITED2	0	628	1
CITED2	1	139	0
CLCN1	0	607	22
CLCN1	1	137	2
CLCN2	0	628	1
CLCN2	1	139	0
CLCN7	0	624	5
CLCN7	1	138	1
CLCNKA	0	627	2
CLCNKA	1	139	0
CLCNKB	0	628	1
CLCNKB	1	139	0
CLDN14	0	629	0
CLDN14	1	139	0
CLIC5	0	629	0
CLIC5	1	138	1
CLN3	0	629	0
CLN3	1	139	0
CLRN1	0	628	1
CLRN1	1	139	0
CLU	0	628	1
CLU	1	139	0
CNGA3	0	628	1
CNGA3	1	139	0
CNGB1	0	629	0
CNGB1	1	138	1
CNGB3	0	623	6
CNGB3	1	135	4
CNTNAP2	0	628	1
CNTNAP2	1	139	0
COCH	0	628	1
COCH	1	139	0
COG5	0	628	1
COG5	1	139	0
COG6	0	627	2
COG6	1	139	0
COL10A1	0	628	1
COL10A1	1	139	0
COL11A1	0	629	0
COL11A1	1	139	0
COL18A1	0	617	12
COL18A1	1	135	4
COL1A2	0	628	1
COL1A2	1	139	0
COL4A1	0	629	0
COL4A1	1	139	0
COL4A2	0	625	4
COL4A2	1	137	2
COL4A3	0	628	1
COL4A3	1	139	0
COL4A4	0	628	1
COL4A4	1	139	0
COL6A3	0	628	1
COL6A3	1	139	0
COL7A1	0	618	11
COL7A1	1	138	1
COL9A2	0	616	13
COL9A2	1	139	0
COL9A3	0	626	3
COL9A3	1	139	0
COMP	0	629	0
COMP	1	139	0
COQ2	0	593	36
COQ2	1	131	8
COQ9	0	628	1
COQ9	1	139	0
CP	0	625	4
CP	1	138	1
CPA1	0	628	1
CPA1	1	139	0
CPLANE1	0	623	6
CPLANE1	1	137	2
CRB1	0	629	0
CRB1	1	139	0
CRBN	0	628	1
CRBN	1	139	0
CRLF1	0	629	0
CRLF1	1	139	0
CRPPA	0	628	1
CRPPA	1	139	0
CRYBA2	0	629	0
CRYBA2	1	138	1
CRYBA4	0	624	5
CRYBA4	1	139	0
CRYBB2	0	628	1
CRYBB2	1	139	0
CRYBB3	0	629	0
CRYBB3	1	139	0
CRYGD	0	621	8
CRYGD	1	139	0
CRYM	0	629	0
CRYM	1	139	0
CSF2RB	0	619	10
CSF2RB	1	133	6
CSPP1	0	629	0
CSPP1	1	139	0
CST3	0	625	4
CST3	1	139	0
CTC1	0	628	1
CTC1	1	139	0
CTNNA3	0	628	1
CTNNA3	1	139	0
CTPS1	0	628	1
CTPS1	1	139	0
CTSA	0	614	15
CTSA	1	136	3
CTSC	0	629	0
CTSC	1	138	1
CUBN	0	626	3
CUBN	1	139	0
CUBNP1	0	629	0
CUBNP1	1	138	1
CUL3	0	629	0
CUL3	1	138	1
CUL7	0	628	1
CUL7	1	138	1
CWF19L1	0	628	1
CWF19L1	1	139	0
CYBA	0	628	1
CYBA	1	139	0
CYP11A1	0	628	1
CYP11A1	1	139	0
CYP11B2	0	628	1
CYP11B2	1	139	0
CYP17A1	0	629	0
CYP17A1	1	138	1
CYP24A1	0	627	2
CYP24A1	1	139	0
CYP26C1	0	628	1
CYP26C1	1	139	0
CYP2A13	0	622	7
CYP2A13	1	139	0
CYP2A6	0	572	57
CYP2A6	1	127	12
CYP2B6	0	627	2
CYP2B6	1	139	0
CYP2C19	0	624	5
CYP2C19	1	137	2
CYP4F2	0	627	2
CYP4F2	1	138	1
CYP4V2	0	626	3
CYP4V2	1	139	0
DARS2	0	628	1
DARS2	1	139	0
DBH	0	627	2
DBH	1	139	0
DCHS1	0	629	0
DCHS1	1	139	0
DCLRE1C	0	627	2
DCLRE1C	1	139	0
DCLRE1CP1	0	627	2
DCLRE1CP1	1	139	0
DDHD2	0	628	1
DDHD2	1	138	1
DDX11	0	624	5
DDX11	1	138	1
DDX12P	0	627	2
DDX12P	1	139	0
DES	0	627	2
DES	1	138	1
DGAT1	0	628	1
DGAT1	1	139	0
DGUOK	0	628	1
DGUOK	1	139	0
DHCR7	0	613	16
DHCR7	1	138	1
DHODH	0	628	1
DHODH	1	139	0
DHTKD1	0	627	2
DHTKD1	1	136	3
DIAPH1	0	629	0
DIAPH1	1	138	1
DIAPH3	0	623	6
DIAPH3	1	137	2
DICER1	0	628	1
DICER1	1	139	0
DLD	0	628	1
DLD	1	139	0
DMGDH	0	628	1
DMGDH	1	139	0
DNA2	0	621	8
DNA2	1	139	0
DNAAF1	0	629	0
DNAAF1	1	138	1
DNAAF2	0	627	2
DNAAF2	1	139	0
DNAAF4	0	618	11
DNAAF4	1	135	4
DNAH11	0	625	4
DNAH11	1	139	0
DNAH5	0	627	2
DNAH5	1	138	1
DNAH9	0	576	53
DNAH9	1	126	13
DNAI2	0	628	1
DNAI2	1	139	0
DNAJB2	0	627	2
DNAJB2	1	137	2
DNASE1	0	627	2
DNASE1	1	139	0
DNASE1L3	0	628	1
DNASE1L3	1	139	0
DNMT3A	0	623	6
DNMT3A	1	138	1
DOCK6	0	628	1
DOCK6	1	139	0
DOCK7	0	628	1
DOCK7	1	138	1
DOCK8	0	629	0
DOCK8	1	138	1
DOLK	0	617	12
DOLK	1	137	2
DPYD	0	624	5
DPYD	1	138	1
DPYS	0	628	1
DPYS	1	139	0
DSC2	0	615	14
DSC2	1	132	7
DSC3	0	628	1
DSC3	1	139	0
DSG1-AS1	0	627	2
DSG1-AS1	1	138	1
DST	0	627	2
DST	1	139	0
DUOX1	0	627	2
DUOX1	1	138	1
DUOX2	0	620	9
DUOX2	1	137	2
DUOXA1	0	627	2
DUOXA1	1	139	0
DUOXA2	0	629	0
DUOXA2	1	138	1
DYNC2H1	0	626	3
DYNC2H1	1	138	1
DYNC2I1	0	626	3
DYNC2I1	1	138	1
DYNC2I2	0	628	1
DYNC2I2	1	139	0
DYRK1B	0	621	8
DYRK1B	1	137	2
DYSF	0	628	1
DYSF	1	139	0
EARS2	0	628	1
EARS2	1	139	0
ECEL1	0	628	1
ECEL1	1	139	0
EDN3	0	622	7
EDN3	1	138	1
EEF2	0	628	1
EEF2	1	139	0
EGF	0	621	8
EGF	1	139	0
EGLN1	0	628	1
EGLN1	1	138	1
EHMT1	0	621	8
EHMT1	1	138	1
EIF2AK4	0	626	3
EIF2AK4	1	138	1
EIF2B3	0	623	6
EIF2B3	1	138	1
EIF2B4	0	627	2
EIF2B4	1	139	0
ELAC2	0	627	2
ELAC2	1	139	0
ELMOD2	0	629	0
ELMOD2	1	138	1
ELOVL5	0	614	15
ELOVL5	1	138	1
EMP2	0	628	1
EMP2	1	139	0
EMX2	0	628	1
EMX2	1	139	0
ENAM	0	625	4
ENAM	1	139	0
ENO3	0	627	2
ENO3	1	139	0
EOGT	0	628	1
EOGT	1	139	0
EP300	0	610	19
EP300	1	134	5
EPB42	0	628	1
EPB42	1	139	0
EPS8	0	628	1
EPS8	1	139	0
ERBB2	0	629	0
ERBB2	1	138	1
ERCC2	0	626	3
ERCC2	1	139	0
ERCC3	0	626	3
ERCC3	1	139	0
ERCC6	0	627	2
ERCC6	1	139	0
ERCC6L2	0	628	1
ERCC6L2	1	138	1
ESCO2	0	624	5
ESCO2	1	136	3
ESPN	0	595	34
ESPN	1	130	9
ETFB	0	585	44
ETFB	1	125	14
ETFDH	0	620	9
ETFDH	1	138	1
ETHE1	0	628	1
ETHE1	1	139	0
EVC	0	628	1
EVC	1	139	0
EVI5	0	628	1
EVI5	1	138	1
EXO1	0	625	4
EXO1	1	138	1
EXOSC8	0	628	1
EXOSC8	1	139	0
EXPH5	0	628	1
EXPH5	1	139	0
EXT2	0	628	1
EXT2	1	139	0
EYA4	0	629	0
EYA4	1	138	1
EYS	0	624	5
EYS	1	139	0
F12	0	626	3
F12	1	137	2
F13B	0	628	1
F13B	1	139	0
F2	0	628	1
F2	1	139	0
F7	0	629	0
F7	1	137	2
FA2H	0	626	3
FA2H	1	139	0
FAM111A	0	613	16
FAM111A	1	134	5
FANCA	0	628	1
FANCA	1	138	1
FANCD2	0	628	1
FANCD2	1	139	0
FANCF	0	628	1
FANCF	1	139	0
FANCI	0	628	1
FANCI	1	135	4
FANCL	0	628	1
FANCL	1	138	1
FANCM	0	624	5
FANCM	1	139	0
FASLG	0	628	1
FASLG	1	139	0
FASN	0	628	1
FASN	1	139	0
FASTKD2	0	628	1
FASTKD2	1	139	0
FBLN1	0	628	1
FBLN1	1	139	0
FBXL4	0	629	0
FBXL4	1	136	3
FCGR2A	0	608	21
FCGR2A	1	137	2
FCGR3B	0	629	0
FCGR3B	1	138	1
FCN3	0	613	16
FCN3	1	136	3
FFAR4	0	628	1
FFAR4	1	139	0
FGA	0	629	0
FGA	1	138	1
FGFR1	0	610	19
FGFR1	1	137	2
FIG4	0	626	3
FIG4	1	139	0
FKBP10	0	627	2
FKBP10	1	139	0
FKBP14	0	625	4
FKBP14	1	138	1
FKRP	0	627	2
FKRP	1	139	0
FKTN	0	629	0
FKTN	1	138	1
FLG	0	530	99
FLG	1	125	14
FLNB	0	628	1
FLNB	1	139	0
FLNC	0	627	2
FLNC	1	139	0
FLT3	0	628	1
FLT3	1	139	0
FOLH1	0	628	1
FOLH1	1	139	0
FOLR1	0	627	2
FOLR1	1	138	1
FOXL2	0	628	1
FOXL2	1	139	0
FOXP2	0	629	0
FOXP2	1	139	0
FOXRED1	0	628	1
FOXRED1	1	139	0
FRAS1	0	625	4
FRAS1	1	139	0
FREM1	0	625	4
FREM1	1	139	0
FREM2	0	626	3
FREM2	1	138	1
FSCN2	0	621	8
FSCN2	1	138	1
FTCD	0	629	0
FTCD	1	138	1
FTO	0	628	1
FTO	1	139	0
FUS	0	629	0
FUS	1	139	0
FUT6	0	616	13
FUT6	1	135	4
G6PC	0	628	1
G6PC	1	139	0
GAA	0	626	3
GAA	1	139	0
GABRB3	0	629	0
GABRB3	1	138	1
GABRD	0	628	1
GABRD	1	139	0
GALC	0	628	1
GALC	1	139	0
GALK1	0	628	1
GALK1	1	139	0
GATA3	0	629	0
GATA3	1	139	0
GBA2	0	627	2
GBA2	1	139	0
GBE1	0	628	1
GBE1	1	139	0
GC	0	596	33
GC	1	136	3
GCKR	0	627	2
GCKR	1	138	1
GCNT2	0	627	2
GCNT2	1	139	0
GFER	0	628	1
GFER	1	139	0
GFM2	0	628	1
GFM2	1	139	0
GGCX	0	628	1
GGCX	1	139	0
GHRL	0	628	1
GHRL	1	139	0
GIPC3	0	624	5
GIPC3	1	138	1
GJA1	0	621	8
GJA1	1	138	1
GJA5	0	628	1
GJA5	1	138	1
GJA8	0	628	1
GJA8	1	139	0
GJB2	0	604	25
GJB2	1	135	4
GJB4	0	572	57
GJB4	1	121	18
GJB6	0	628	1
GJB6	1	139	0
GJC2	0	627	2
GJC2	1	138	1
GMPPB	0	628	1
GMPPB	1	139	0
GNA11	0	628	1
GNA11	1	139	0
GNAO1	0	617	12
GNAO1	1	136	3
GNRH1	0	628	1
GNRH1	1	139	0
GNRHR	0	625	4
GNRHR	1	139	0
GNS	0	629	0
GNS	1	138	1
GORAB	0	628	1
GORAB	1	138	1
GP1BA	0	627	2
GP1BA	1	138	1
GP9	0	628	1
GP9	1	139	0
GPSM2	0	627	2
GPSM2	1	139	0
GRHL2	0	613	16
GRHL2	1	132	7
GRHPR	0	629	0
GRHPR	1	139	0
GRIN1	0	628	1
GRIN1	1	139	0
GRIN2A	0	579	50
GRIN2A	1	125	14
GRM6	0	628	1
GRM6	1	139	0
GRXCR2	0	628	1
GRXCR2	1	139	0
GSDME	0	627	2
GSDME	1	138	1
GTF2H5	0	628	1
GTF2H5	1	139	0
GUCA1B	0	626	3
GUCA1B	1	139	0
GUCY2D	0	629	0
GUCY2D	1	138	1
GUSB	0	629	0
GUSB	1	138	1
GYG1	0	628	1
GYG1	1	139	0
GYS2	0	627	2
GYS2	1	139	0
HADHA	0	628	1
HADHA	1	139	0
HAL	0	626	3
HAL	1	138	1
HEXA	0	628	1
HEXA	1	139	0
HGD	0	628	1
HGD	1	139	0
HGF	0	628	1
HGF	1	139	0
HIBCH	0	627	2
HIBCH	1	139	0
HIP1	0	617	12
HIP1	1	137	2
HMCN1	0	617	12
HMCN1	1	132	7
HMGCS2	0	628	1
HMGCS2	1	139	0
HOXB13	0	627	2
HOXB13	1	139	0
HOXD10	0	628	1
HOXD10	1	139	0
HOXD13	0	629	0
HOXD13	1	138	1
HPD	0	628	1
HPD	1	139	0
HPGD	0	628	1
HPGD	1	139	0
HPS1	0	627	2
HPS1	1	139	0
HPS3	0	627	2
HPS3	1	139	0
HPS5	0	628	1
HPS5	1	139	0
HPS6	0	628	1
HPS6	1	139	0
HR	0	629	0
HR	1	139	0
HSF4	0	628	1
HSF4	1	139	0
HSPB3	0	628	1
HSPB3	1	139	0
HTT	0	629	0
HTT	1	139	0
HYDIN	0	627	2
HYDIN	1	139	0
HYDIN2	0	624	5
HYDIN2	1	137	2
HYLS1	0	627	2
HYLS1	1	139	0
IBA57	0	629	0
IBA57	1	138	1
ICAM4	0	627	2
ICAM4	1	138	1
IDH1	0	627	2
IDH1	1	138	1
IDUA	0	625	4
IDUA	1	138	1
IFIH1	0	614	15
IFIH1	1	134	5
IFITM5	0	628	1
IFITM5	1	139	0
IFNAR2	0	628	1
IFNAR2	1	139	0
IFNGR1	0	628	1
IFNGR1	1	139	0
IFNL1	0	628	1
IFNL1	1	139	0
IFNL2	0	629	0
IFNL2	1	138	1
IFT140	0	628	1
IFT140	1	139	0
IFT172	0	626	3
IFT172	1	138	1
IFT43	0	628	1
IFT43	1	139	0
IGFALS	0	628	1
IGFALS	1	139	0
IGLL1	0	626	3
IGLL1	1	139	0
IL10RB	0	629	0
IL10RB	1	138	1
IL12RB1	0	628	1
IL12RB1	1	139	0
IL23R	0	623	6
IL23R	1	135	4
IL36RN	0	628	1
IL36RN	1	139	0
IL7R	0	628	1
IL7R	1	139	0
ILK	0	628	1
ILK	1	139	0
IMPG2	0	629	0
IMPG2	1	138	1
INPP5E	0	628	1
INPP5E	1	139	0
INVS	0	627	2
INVS	1	138	1
IQCB1	0	628	1
IQCB1	1	139	0
IRAK4	0	629	0
IRAK4	1	138	1
IRS1	0	626	3
IRS1	1	137	2
IRS2	0	627	2
IRS2	1	139	0
ITGA2	0	628	1
ITGA2	1	138	1
ITGA3	0	628	1
ITGA3	1	139	0
ITGA6	0	626	3
ITGA6	1	139	0
ITGA7	0	627	2
ITGA7	1	139	0
ITGAD	0	629	0
ITGAD	1	138	1
ITGAM	0	628	1
ITGAM	1	139	0
ITGB4	0	628	1
ITGB4	1	139	0
ITK	0	628	1
ITK	1	139	0
ITM2B	0	625	4
ITM2B	1	139	0
ITPA	0	628	1
ITPA	1	138	1
ITPR1	0	628	1
ITPR1	1	139	0
JAGN1	0	627	2
JAGN1	1	137	2
JAK3	0	628	1
JAK3	1	138	1
JAM3	0	629	0
JAM3	1	138	1
KANK1	0	629	0
KANK1	1	139	0
KATNAL2	0	575	54
KATNAL2	1	133	6
KCNA5	0	628	1
KCNA5	1	139	0
KCNH2	0	624	5
KCNH2	1	139	0
KCNQ1	0	628	1
KCNQ1	1	139	0
KCNV2	0	627	2
KCNV2	1	139	0
KIF14	0	629	0
KIF14	1	138	1
KIF1C	0	629	0
KIF1C	1	139	0
KIF21A	0	623	6
KIF21A	1	137	2
KIF7	0	628	1
KIF7	1	139	0
KISS1	0	628	1
KISS1	1	139	0
KISS1R	0	628	1
KISS1R	1	139	0
KITLG	0	628	1
KITLG	1	139	0
KL	0	627	2
KL	1	139	0
KLF11	0	628	1
KLF11	1	139	0
KLHL41	0	627	2
KLHL41	1	138	1
KPTN	0	628	1
KPTN	1	139	0
KRT16P3	0	598	31
KRT16P3	1	136	3
KRT17	0	629	0
KRT17	1	138	1
KRT3	0	628	1
KRT3	1	139	0
KRT4	0	628	1
KRT4	1	139	0
KRT6A	0	628	1
KRT6A	1	139	0
KRT74	0	628	1
KRT74	1	139	0
KRT75	0	628	1
KRT75	1	139	0
KRT83	0	620	9
KRT83	1	135	4
LAMA1	0	628	1
LAMA1	1	139	0
LAMA2	0	616	13
LAMA2	1	132	7
LAMA3	0	629	0
LAMA3	1	138	1
LAMA4	0	628	1
LAMA4	1	139	0
LAMB1	0	628	1
LAMB1	1	139	0
LAMB3	0	627	2
LAMB3	1	137	2
LAMC3	0	628	1
LAMC3	1	137	2
LARGE1	0	628	1
LARGE1	1	139	0
LARP7	0	627	2
LARP7	1	139	0
LCA5	0	627	2
LCA5	1	139	0
LCAT	0	628	1
LCAT	1	139	0
LDB3	0	619	10
LDB3	1	133	6
LEFTY1	0	628	1
LEFTY1	1	139	0
LGI1	0	625	4
LGI1	1	139	0
LHCGR	0	629	0
LHCGR	1	138	1
LIAS	0	628	1
LIAS	1	139	0
LIG4	0	629	0
LIG4	1	139	0
LIPA	0	628	1
LIPA	1	139	0
LIPC	0	627	2
LIPC	1	139	0
LIPN	0	628	1
LIPN	1	138	1
LMBRD1	0	628	1
LMBRD1	1	139	0
LOXHD1	0	604	25
LOXHD1	1	136	3
LOXL1	0	628	1
LOXL1	1	139	0
LPAR6	0	614	15
LPAR6	1	138	1
LRBA	0	627	2
LRBA	1	139	0
LRP8	0	629	0
LRP8	1	138	1
LRPAP1	0	628	1
LRPAP1	1	139	0
LRPPRC	0	628	1
LRPPRC	1	139	0
LRRC6	0	628	1
LRRC6	1	139	0
LRRK2	0	628	1
LRRK2	1	137	2
LRTOMT	0	628	1
LRTOMT	1	139	0
LTBP4	0	629	0
LTBP4	1	138	1
LYRM4	0	628	1
LYRM4	1	139	0
LYST	0	622	7
LYST	1	138	1
LZTFL1	0	629	0
LZTFL1	1	139	0
LZTR1	0	629	0
LZTR1	1	137	2
MAD1L1	0	627	2
MAD1L1	1	138	1
MALT1	0	628	1
MALT1	1	139	0
MAN2B1	0	628	1
MAN2B1	1	138	1
MAP3K1	0	628	1
MAP3K1	1	138	1
MARS1	0	628	1
MARS1	1	139	0
MARS2	0	628	1
MARS2	1	138	1
MASP2	0	628	1
MASP2	1	139	0
MASTL	0	628	1
MASTL	1	138	1
MAT1A	0	628	1
MAT1A	1	139	0
MATN3	0	628	1
MATN3	1	138	1
MATR3	0	626	3
MATR3	1	139	0
MBL2	0	628	1
MBL2	1	139	0
MC1R	0	628	1
MC1R	1	137	2
MCEE	0	628	1
MCEE	1	138	1
MCOLN1	0	628	1
MCOLN1	1	139	0
MCPH1	0	627	2
MCPH1	1	139	0
MED13L	0	626	3
MED13L	1	139	0
MEFV	0	628	1
MEFV	1	139	0
MEGF8	0	628	1
MEGF8	1	139	0
MERTK	0	624	5
MERTK	1	139	0
MESP2	0	628	1
MESP2	1	139	0
METTL23	0	627	2
METTL23	1	139	0
MFF	0	623	6
MFF	1	139	0
MFRP	0	628	1
MFRP	1	139	0
MFSD8	0	628	1
MFSD8	1	139	0
MGP	0	628	1
MGP	1	139	0
MIB1	0	628	1
MIB1	1	139	0
MLH3	0	628	1
MLH3	1	139	0
MLPH	0	627	2
MLPH	1	139	0
MMAA	0	628	1
MMAA	1	139	0
MMACHC	0	628	1
MMACHC	1	139	0
MMP1	0	584	45
MMP1	1	130	9
MMP20	0	628	1
MMP20	1	139	0
MMP9	0	628	1
MMP9	1	139	0
MOGS	0	628	1
MOGS	1	139	0
MPI	0	628	1
MPI	1	139	0
MPLKIP	0	628	1
MPLKIP	1	139	0
MPO	0	615	14
MPO	1	134	5
MRE11	0	628	1
MRE11	1	139	0
MRPL3	0	628	1
MRPL3	1	139	0
MRPS22	0	629	0
MRPS22	1	139	0
MS4A2	0	627	2
MS4A2	1	138	1
MSH3	0	625	4
MSH3	1	139	0
MSH6	0	628	1
MSH6	1	138	1
MSR1	0	618	11
MSR1	1	137	2
MSTN	0	629	0
MSTN	1	138	1
MTFMT	0	628	1
MTFMT	1	138	1
MTHFR	0	628	1
MTHFR	1	139	0
MTMR14	0	628	1
MTMR14	1	139	0
MTMR2	0	620	9
MTMR2	1	137	2
MTO1	0	629	0
MTO1	1	139	0
MTR	0	620	9
MTR	1	136	3
MUC1	0	629	0
MUC1	1	139	0
MUC5B	0	614	15
MUC5B	1	135	4
MUTYH	0	627	2
MUTYH	1	139	0
MYF6	0	628	1
MYF6	1	139	0
MYH1	0	628	1
MYH1	1	138	1
MYH2	0	628	1
MYH2	1	139	0
MYH6	0	626	3
MYH6	1	137	2
MYH8	0	622	7
MYH8	1	134	5
MYLK	0	628	1
MYLK	1	139	0
MYLKP1	0	591	38
MYLKP1	1	128	11
MYO15A	0	626	3
MYO15A	1	135	4
MYO1A	0	626	3
MYO1A	1	138	1
MYO1C	0	624	5
MYO1C	1	137	2
MYO1F	0	628	1
MYO1F	1	139	0
MYO3A	0	626	3
MYO3A	1	137	2
MYO5B	0	629	0
MYO5B	1	138	1
MYO7A	0	628	1
MYO7A	1	139	0
MYO9B	0	613	16
MYO9B	1	137	2
MYOC	0	626	3
MYOC	1	139	0
MYOT	0	628	1
MYOT	1	139	0
MYOZ2	0	628	1
MYOZ2	1	139	0
MYPN	0	628	1
MYPN	1	139	0
NAGLU	0	628	1
NAGLU	1	139	0
NAGPA	0	614	15
NAGPA	1	137	2
NARS2	0	628	1
NARS2	1	139	0
NBAS	0	624	5
NBAS	1	138	1
NBEAL2	0	626	3
NBEAL2	1	139	0
NBN	0	625	4
NBN	1	138	1
NCF1	0	628	1
NCF1	1	139	0
NDUFA12	0	628	1
NDUFA12	1	139	0
NDUFA7	0	629	0
NDUFA7	1	139	0
NDUFA9	0	628	1
NDUFA9	1	139	0
NDUFAF3	0	628	1
NDUFAF3	1	139	0
NDUFAF6	0	626	3
NDUFAF6	1	139	0
NDUFAF7	0	575	54
NDUFAF7	1	136	3
NDUFB3	0	628	1
NDUFB3	1	139	0
NDUFB9	0	627	2
NDUFB9	1	139	0
NDUFS3	0	627	2
NDUFS3	1	139	0
NDUFS4	0	628	1
NDUFS4	1	139	0
NDUFV3	0	619	10
NDUFV3	1	136	3
NEB	0	615	14
NEB	1	138	1
NEBL	0	623	6
NEBL	1	138	1
NEDD4	0	628	1
NEDD4	1	139	0
NEFL	0	629	0
NEFL	1	138	1
NEK1	0	628	1
NEK1	1	138	1
NEK2	0	628	1
NEK2	1	139	0
NEK8	0	629	0
NEK8	1	138	1
NF1	0	628	1
NF1	1	138	1
NFKB2	0	624	5
NFKB2	1	139	0
NFU1	0	628	1
NFU1	1	139	0
NGF	0	629	0
NGF	1	139	0
NGLY1	0	628	1
NGLY1	1	139	0
NKX2-1	0	628	1
NKX2-1	1	139	0
NLRC4	0	624	5
NLRC4	1	138	1
NOD2	0	567	62
NOD2	1	124	15
NOL3	0	628	1
NOL3	1	139	0
NOS3	0	628	1
NOS3	1	139	0
NOTCH1	0	628	1
NOTCH1	1	139	0
NOTCH3	0	627	2
NOTCH3	1	139	0
NPC1	0	628	1
NPC1	1	139	0
NPC2	0	628	1
NPC2	1	139	0
NPHP3	0	626	3
NPHP3	1	139	0
NPHP4	0	627	2
NPHP4	1	139	0
NPHS2	0	629	0
NPHS2	1	138	1
NPSR1	0	626	3
NPSR1	1	139	0
NR2E3	0	628	1
NR2E3	1	139	0
NR3C1	0	628	1
NR3C1	1	139	0
NR4A2	0	629	0
NR4A2	1	139	0
NR5A2	0	628	1
NR5A2	1	139	0
NSD2	0	625	4
NSD2	1	139	0
NTHL1	0	626	3
NTHL1	1	137	2
NTRK1	0	627	2
NTRK1	1	139	0
OBSL1	0	619	10
OBSL1	1	132	7
OPRM1	0	629	0
OPRM1	1	138	1
OPTN	0	626	3
OPTN	1	139	0
ORAI1	0	620	9
ORAI1	1	136	3
ORC4	0	628	1
ORC4	1	139	0
ORC6	0	628	1
ORC6	1	139	0
OTOA	0	578	51
OTOA	1	132	7
OTOF	0	628	1
OTOF	1	138	1
OTOG	0	621	8
OTOG	1	138	1
OTOGL	0	626	3
OTOGL	1	138	1
OXA1L	0	624	5
OXA1L	1	139	0
P2RX2	0	626	3
P2RX2	1	139	0
PADI4	0	626	3
PADI4	1	139	0
PAFAH1B1	0	628	1
PAFAH1B1	1	139	0
PAH	0	628	1
PAH	1	139	0
PAX4	0	627	2
PAX4	1	139	0
PCARE	0	627	2
PCARE	1	139	0
PCDH15	0	628	1
PCDH15	1	139	0
PCK2	0	627	2
PCK2	1	138	1
PCSK1	0	629	0
PCSK1	1	139	0
PCSK9	0	628	1
PCSK9	1	139	0
PDE11A	0	618	11
PDE11A	1	138	1
PDE6B	0	580	49
PDE6B	1	127	12
PDE6C	0	628	1
PDE6C	1	139	0
PDE6H	0	628	1
PDE6H	1	139	0
PDSS2	0	628	1
PDSS2	1	139	0
PDX1	0	628	1
PDX1	1	139	0
PDZD7	0	628	1
PDZD7	1	139	0
PEX1	0	615	14
PEX1	1	137	2
PEX14	0	629	0
PEX14	1	138	1
PEX7	0	622	7
PEX7	1	139	0
PFKM	0	628	1
PFKM	1	139	0
PFN1	0	625	4
PFN1	1	138	1
PGAM2	0	629	0
PGAM2	1	139	0
PHC1	0	625	4
PHC1	1	139	0
PHKB	0	609	20
PHKB	1	133	6
PIEZO1	0	589	40
PIEZO1	1	137	2
PIGO	0	628	1
PIGO	1	138	1
PIGT	0	628	1
PIGT	1	139	0
PIGV	0	628	1
PIGV	1	139	0
PIKFYVE	0	629	0
PIKFYVE	1	137	2
PKHD1	0	625	4
PKHD1	1	139	0
PKP2	0	629	0
PKP2	1	138	1
PLA2G7	0	629	0
PLA2G7	1	138	1
PLCE1	0	628	1
PLCE1	1	139	0
PLEC	0	628	1
PLEC	1	139	0
PLEKHG5	0	628	1
PLEKHG5	1	139	0
PLOD2	0	629	0
PLOD2	1	138	1
PMM2	0	628	1
PMM2	1	139	0
PMP22	0	625	4
PMP22	1	138	1
PMS1	0	627	2
PMS1	1	139	0
PNKD	0	628	1
PNKD	1	138	1
PNKP	0	625	4
PNKP	1	139	0
PNPLA1	0	613	16
PNPLA1	1	132	7
PNPLA3	0	628	1
PNPLA3	1	139	0
PNPLA6	0	628	1
PNPLA6	1	139	0
POGLUT1	0	628	1
POGLUT1	1	138	1
POLE	0	627	2
POLE	1	138	1
POLG	0	628	1
POLG	1	139	0
POLR3B	0	627	2
POLR3B	1	139	0
POM121L9P	0	620	9
POM121L9P	1	138	1
POMC	0	627	2
POMC	1	138	1
POMGNT1	0	627	2
POMGNT1	1	138	1
POMK	0	627	2
POMK	1	139	0
POMP	0	628	1
POMP	1	139	0
POMT1	0	622	7
POMT1	1	139	0
POMT2	0	628	1
POMT2	1	139	0
POR	0	628	1
POR	1	139	0
PPP2R1B	0	628	1
PPP2R1B	1	139	0
PRDM5	0	628	1
PRDM5	1	139	0
PRF1	0	628	1
PRF1	1	139	0
PRIMPOL	0	627	2
PRIMPOL	1	139	0
PROS1	0	629	0
PROS1	1	139	0
PRPF6	0	627	2
PRPF6	1	138	1
PRPH	0	625	4
PRPH	1	137	2
PRPS1L1	0	605	24
PRPS1L1	1	134	5
PRSS12	0	618	11
PRSS12	1	137	2
PRX	0	627	2
PRX	1	139	0
PSAT1	0	628	1
PSAT1	1	139	0
PSMA6	0	629	0
PSMA6	1	138	1
PSPHP1	0	619	10
PSPHP1	1	133	6
PTCH2	0	626	3
PTCH2	1	138	1
PTGIS	0	627	2
PTGIS	1	138	1
PTH	0	628	1
PTH	1	139	0
PTPN22	0	625	4
PTPN22	1	137	2
PTPRC	0	629	0
PTPRC	1	139	0
PTPRQ	0	627	2
PTPRQ	1	139	0
PTS	0	629	0
PTS	1	138	1
PUS1	0	629	0
PUS1	1	138	1
PYCR1	0	628	1
PYCR1	1	139	0
PYGL	0	628	1
PYGL	1	139	0
PYGM	0	628	1
PYGM	1	139	0
RAB18	0	621	8
RAB18	1	138	1
RAB27A	0	628	1
RAB27A	1	139	0
RAB3GAP1	0	628	1
RAB3GAP1	1	139	0
RAB3GAP2	0	629	0
RAB3GAP2	1	138	1
RAD21	0	626	3
RAD21	1	138	1
RAD50	0	587	42
RAD50	1	133	6
RAD51B	0	628	1
RAD51B	1	139	0
RAD54B	0	628	1
RAD54B	1	139	0
RAG1	0	629	0
RAG1	1	138	1
RAG2	0	628	1
RAG2	1	139	0
RANGRF	0	619	10
RANGRF	1	138	1
RARS2	0	628	1
RARS2	1	139	0
RASA1	0	625	4
RASA1	1	139	0
RBBP8	0	627	2
RBBP8	1	136	3
RBP3	0	629	0
RBP3	1	138	1
RCBTB1	0	629	0
RCBTB1	1	138	1
RD3	0	628	1
RD3	1	139	0
RDH11	0	628	1
RDH11	1	139	0
RDH5	0	628	1
RDH5	1	139	0
RECQL4	0	627	2
RECQL4	1	139	0
REEP2	0	628	1
REEP2	1	139	0
RELN	0	625	4
RELN	1	139	0
RFX5	0	628	1
RFX5	1	139	0
RFXAP	0	628	1
RFXAP	1	139	0
RGR	0	629	0
RGR	1	139	0
RGS9	0	627	2
RGS9	1	139	0
RGS9BP	0	626	3
RGS9BP	1	139	0
RIMS1	0	629	0
RIMS1	1	138	1
RIN2	0	627	2
RIN2	1	138	1
RIPK4	0	624	5
RIPK4	1	138	1
RMND1	0	628	1
RMND1	1	139	0
RNASEH2A	0	628	1
RNASEH2A	1	139	0
RNASEH2B	0	626	3
RNASEH2B	1	137	2
RNASEL	0	618	11
RNASEL	1	139	0
RNASET2	0	629	0
RNASET2	1	138	1
RNF212	0	625	4
RNF212	1	139	0
RNF213	0	627	2
RNF213	1	138	1
ROBO3	0	628	1
ROBO3	1	139	0
ROM1	0	626	3
ROM1	1	136	3
RP1	0	628	1
RP1	1	139	0
RP1L1	0	624	5
RP1L1	1	134	5
RPE65	0	627	2
RPE65	1	139	0
RPGRIP1	0	629	0
RPGRIP1	1	138	1
RPGRIP1L	0	628	1
RPGRIP1L	1	139	0
RSPH1	0	628	1
RSPH1	1	139	0
RTEL1-TNFRSF6B	0	627	2
RTEL1-TNFRSF6B	1	139	0
RTN2	0	628	1
RTN2	1	138	1
RTTN	0	627	2
RTTN	1	139	0
RYR1	0	623	6
RYR1	1	139	0
RYR2	0	611	18
RYR2	1	138	1
SACS	0	622	7
SACS	1	138	1
SALL2	0	629	0
SALL2	1	137	2
SAMHD1	0	628	1
SAMHD1	1	139	0
SARDH	0	627	2
SARDH	1	139	0
SBDS	0	623	6
SBDS	1	136	3
SBF1	0	626	3
SBF1	1	139	0
SBF2-AS1	0	625	4
SBF2-AS1	1	136	3
SCN10A	0	591	38
SCN10A	1	131	8
SCN11A	0	628	1
SCN11A	1	139	0
SCN4A	0	626	3
SCN4A	1	135	4
SCN9A	0	628	1
SCN9A	1	139	0
SCNN1B	0	628	1
SCNN1B	1	139	0
SCO2	0	628	1
SCO2	1	138	1
SCP2	0	625	4
SCP2	1	138	1
SDHA	0	589	40
SDHA	1	133	6
SDHAP1	0	584	45
SDHAP1	1	126	13
SEC23B	0	628	1
SEC23B	1	139	0
SEC63	0	620	9
SEC63	1	135	4
SELENON	0	628	1
SELENON	1	139	0
SELP	0	628	1
SELP	1	138	1
SEMA3E	0	622	7
SEMA3E	1	138	1
SEMA4A	0	627	2
SEMA4A	1	139	0
SEPTIN12	0	627	2
SEPTIN12	1	139	0
SERPINA3	0	628	1
SERPINA3	1	138	1
SERPING1	0	628	1
SERPING1	1	139	0
SERPINI1	0	628	1
SERPINI1	1	139	0
SETBP1	0	628	1
SETBP1	1	139	0
SETD5	0	629	0
SETD5	1	138	1
SETX	0	627	2
SETX	1	139	0
SFTPA1	0	627	2
SFTPA1	1	138	1
SFTPB	0	628	1
SFTPB	1	139	0
SFXN4	0	625	4
SFXN4	1	139	0
SGCB	0	628	1
SGCB	1	139	0
SH3BP2	0	627	2
SH3BP2	1	139	0
SH3PXD2B	0	628	1
SH3PXD2B	1	139	0
SH3TC2	0	628	1
SH3TC2	1	138	1
SHANK2	0	628	1
SHANK2	1	139	0
SHMT1	0	626	3
SHMT1	1	139	0
SI	0	626	3
SI	1	139	0
SIAE	0	627	2
SIAE	1	139	0
SIL1	0	628	1
SIL1	1	139	0
SIM1	0	628	1
SIM1	1	139	0
SIX3	0	627	2
SIX3	1	138	1
SLC10A2	0	629	0
SLC10A2	1	138	1
SLC12A3	0	628	1
SLC12A3	1	139	0
SLC12A6	0	629	0
SLC12A6	1	138	1
SLC19A2	0	629	0
SLC19A2	1	139	0
SLC22A5	0	628	1
SLC22A5	1	139	0
SLC24A1	0	628	1
SLC24A1	1	139	0
SLC25A2	0	611	18
SLC25A2	1	139	0
SLC25A20	0	629	0
SLC25A20	1	139	0
SLC26A2	0	628	1
SLC26A2	1	139	0
SLC26A3	0	628	1
SLC26A3	1	139	0
SLC26A4	0	627	2
SLC26A4	1	139	0
SLC26A5	0	617	12
SLC26A5	1	135	4
SLC27A4	0	628	1
SLC27A4	1	139	0
SLC2A2	0	628	1
SLC2A2	1	139	0
SLC2A9	0	627	2
SLC2A9	1	139	0
SLC34A1	0	621	8
SLC34A1	1	138	1
SLC34A3	0	621	8
SLC34A3	1	138	1
SLC35D1	0	628	1
SLC35D1	1	138	1
SLC37A4	0	0	629
SLC37A4	1	0	139
SLC38A8	0	628	1
SLC38A8	1	139	0
SLC39A5	0	624	5
SLC39A5	1	137	2
SLC4A10	0	628	1
SLC4A10	1	139	0
SLC4A11	0	596	33
SLC4A11	1	132	7
SLC5A1	0	628	1
SLC5A1	1	139	0
SLC5A2	0	628	1
SLC5A2	1	139	0
SLC6A2	0	628	1
SLC6A2	1	139	0
SLC6A20	0	627	2
SLC6A20	1	138	1
SLC9A9	0	628	1
SLC9A9	1	139	0
SLCO1B1	0	628	1
SLCO1B1	1	139	0
SLCO1B3	0	620	9
SLCO1B3	1	137	2
SLCO1B7	0	624	5
SLCO1B7	1	138	1
SLMAP	0	624	5
SLMAP	1	138	1
SLX4	0	625	4
SLX4	1	138	1
SMAD4	0	617	12
SMAD4	1	137	2
SMARCA2	0	628	1
SMARCA2	1	139	0
SMARCA4	0	628	1
SMARCA4	1	139	0
SMARCAL1	0	628	1
SMARCAL1	1	139	0
SMCHD1	0	628	1
SMCHD1	1	139	0
SMOC1	0	628	1
SMOC1	1	139	0
SMPD1	0	614	15
SMPD1	1	135	4
SOST	0	628	1
SOST	1	139	0
SPAG1	0	628	1
SPAG1	1	138	1
SPATA16	0	629	0
SPATA16	1	139	0
SPEG	0	628	1
SPEG	1	138	1
SPG11	0	626	3
SPG11	1	139	0
SPG21	0	628	1
SPG21	1	139	0
SPINK1	0	627	2
SPINK1	1	139	0
SPINK5	0	627	2
SPINK5	1	139	0
SPTA1	0	629	0
SPTA1	1	139	0
SPTB	0	629	0
SPTB	1	139	0
SPTBN2	0	628	1
SPTBN2	1	138	1
SQSTM1	0	628	1
SQSTM1	1	139	0
SRCAP	0	623	6
SRCAP	1	138	1
ST3GAL5	0	629	0
ST3GAL5	1	138	1
STAC3	0	628	1
STAC3	1	139	0
STAT2	0	628	1
STAT2	1	139	0
STAT5B	0	626	3
STAT5B	1	138	1
STIL	0	626	3
STIL	1	138	1
STIM1	0	623	6
STIM1	1	137	2
STING1	0	629	0
STING1	1	137	2
STOX1	0	629	0
STOX1	1	139	0
STRA6	0	628	1
STRA6	1	139	0
STRC	0	627	2
STRC	1	139	0
STT3A	0	628	1
STT3A	1	138	1
STXBP2	0	628	1
STXBP2	1	139	0
SUCLA2	0	628	1
SUCLA2	1	139	0
SUGCT	0	629	0
SUGCT	1	138	1
SURF1	0	628	1
SURF1	1	139	0
SYCP3	0	619	10
SYCP3	1	136	3
SYNE1	0	627	2
SYNE1	1	137	2
SYNE2	0	628	1
SYNE2	1	139	0
SYNE4	0	628	1
SYNE4	1	139	0
SZT2	0	627	2
SZT2	1	139	0
TBCE	0	625	4
TBCE	1	139	0
TBX19	0	627	2
TBX19	1	139	0
TBXAS1	0	627	2
TBXAS1	1	139	0
TCIRG1	0	627	2
TCIRG1	1	139	0
TCN1	0	628	1
TCN1	1	139	0
TCTN2	0	629	0
TCTN2	1	139	0
TCTN3	0	628	1
TCTN3	1	139	0
TECR	0	628	1
TECR	1	139	0
TEK	0	628	1
TEK	1	139	0
TET2	0	623	6
TET2	1	137	2
TG	0	624	5
TG	1	139	0
TGFBI	0	628	1
TGFBI	1	139	0
TGM1	0	628	1
TGM1	1	139	0
TGM5	0	628	1
TGM5	1	139	0
TGM6	0	627	2
TGM6	1	139	0
TH	0	628	1
TH	1	139	0
TIRAP	0	627	2
TIRAP	1	139	0
TLDC2	0	626	3
TLDC2	1	137	2
TLR1	0	628	1
TLR1	1	138	1
TLR2	0	628	1
TLR2	1	137	2
TLR5	0	585	44
TLR5	1	128	11
TMC1	0	628	1
TMC1	1	139	0
TMC6	0	628	1
TMC6	1	138	1
TMC8	0	628	1
TMC8	1	139	0
TMEM126A	0	629	0
TMEM126A	1	138	1
TMEM67	0	628	1
TMEM67	1	139	0
TMEM70	0	627	2
TMEM70	1	139	0
TMPRSS3	0	629	0
TMPRSS3	1	138	1
TMPRSS5	0	621	8
TMPRSS5	1	138	1
TNFRSF1A	0	628	1
TNFRSF1A	1	139	0
TNFSF11	0	629	0
TNFSF11	1	139	0
TNNT2	0	628	1
TNNT2	1	139	0
TNNT3	0	615	14
TNNT3	1	135	4
TOPORS	0	627	2
TOPORS	1	139	0
TOR1AIP1	0	622	7
TOR1AIP1	1	138	1
TPCN2	0	627	2
TPCN2	1	139	0
TPI1	0	628	1
TPI1	1	138	1
TPMT	0	627	2
TPMT	1	139	0
TPP1	0	627	2
TPP1	1	138	1
TPRN	0	628	1
TPRN	1	139	0
TRAPPC11	0	628	1
TRAPPC11	1	139	0
TRAPPC2B	0	629	0
TRAPPC2B	1	139	0
TRDN	0	629	0
TRDN	1	137	2
TRIM32	0	628	1
TRIM32	1	139	0
TRIOBP	0	624	5
TRIOBP	1	139	0
TRMT10A	0	628	1
TRMT10A	1	139	0
TRNT1	0	628	1
TRNT1	1	139	0
TRPC6	0	629	0
TRPC6	1	138	1
TRPM4	0	624	5
TRPM4	1	138	1
TRPV4	0	627	2
TRPV4	1	139	0
TSEN54	0	627	2
TSEN54	1	139	0
TSFM	0	625	4
TSFM	1	139	0
TSHZ1	0	609	20
TSHZ1	1	132	7
TSPEAR	0	629	0
TSPEAR	1	138	1
TTBK2	0	628	1
TTBK2	1	139	0
TTC21B	0	628	1
TTC21B	1	139	0
TTC37	0	629	0
TTC37	1	139	0
TTC7A	0	628	1
TTC7A	1	138	1
TTC8	0	628	1
TTC8	1	139	0
TTI2	0	626	3
TTI2	1	138	1
TTLL5	0	623	6
TTLL5	1	136	3
TTN	0	621	8
TTN	1	137	2
TTN-AS1	0	621	8
TTN-AS1	1	137	2
TTR	0	628	1
TTR	1	139	0
TUBB3	0	628	1
TUBB3	1	139	0
TUBG2	0	628	1
TUBG2	1	139	0
TUBGCP6	0	628	1
TUBGCP6	1	138	1
TULP1	0	629	0
TULP1	1	138	1
TUSC3	0	627	2
TUSC3	1	139	0
TXNRD2	0	629	0
TXNRD2	1	138	1
TYR	0	629	0
TYR	1	138	1
TYRP1	0	629	0
TYRP1	1	138	1
UBR1	0	628	1
UBR1	1	138	1
UCP2	0	629	0
UCP2	1	138	1
UGT1A3	0	628	1
UGT1A3	1	139	0
UGT1A4	0	629	0
UGT1A4	1	138	1
UGT1A5	0	627	2
UGT1A5	1	139	0
UGT1A9	0	629	0
UGT1A9	1	139	0
UNC119	0	628	1
UNC119	1	139	0
UNC13D	0	629	0
UNC13D	1	138	1
UPB1	0	620	9
UPB1	1	137	2
UPK3A	0	622	7
UPK3A	1	136	3
UQCC2	0	628	1
UQCC2	1	139	0
UQCRB	0	622	7
UQCRB	1	137	2
UROD	0	629	0
UROD	1	138	1
UROS	0	629	0
UROS	1	138	1
USH2A	0	618	11
USH2A	1	137	2
UTP14C	0	616	13
UTP14C	1	136	3
VCL	0	628	1
VCL	1	139	0
VCP	0	610	19
VCP	1	132	7
VEGFA	0	629	0
VEGFA	1	138	1
VHL	0	629	0
VHL	1	138	1
VIPAS39	0	628	1
VIPAS39	1	139	0
VLDLR	0	628	1
VLDLR	1	139	0
VPS13A	0	627	2
VPS13A	1	137	2
VPS13B	0	618	11
VPS13B	1	138	1
VPS33B	0	629	0
VPS33B	1	138	1
VPS35P1	0	626	3
VPS35P1	1	137	2
VSX1	0	628	1
VSX1	1	139	0
VWF	0	627	2
VWF	1	139	0
WASHC5	0	627	2
WASHC5	1	139	0
WDR11	0	628	1
WDR11	1	138	1
WDR19	0	628	1
WDR19	1	139	0
WDR35	0	623	6
WDR35	1	138	1
WDR36	0	629	0
WDR36	1	137	2
WDR62	0	628	1
WDR62	1	139	0
WDR72	0	629	0
WDR72	1	139	0
WNK4	0	629	0
WNK4	1	138	1
WNT10A	0	628	1
WNT10A	1	139	0
WNT10B	0	628	1
WNT10B	1	139	0
WRAP53	0	628	1
WRAP53	1	139	0
WRN	0	625	4
WRN	1	139	0
WWOX	0	629	0
WWOX	1	139	0
XDH	0	623	6
XDH	1	138	1
XPA	0	626	3
XPA	1	139	0
XPC	0	626	3
XPC	1	139	0
XPNPEP3	0	629	0
XPNPEP3	1	139	0
XRCC2	0	628	1
XRCC2	1	139	0
ZAP70	0	628	1
ZAP70	1	139	0
ZBTB24	0	628	1
ZBTB24	1	139	0
ZC3H14	0	628	1
ZC3H14	1	139	0
ZFHX3	0	629	0
ZFHX3	1	136	3
ZFHX4	0	629	0
ZFHX4	1	138	1
ZFYVE26	0	627	2
ZFYVE26	1	139	0
ZIC2	0	628	1
ZIC2	1	139	0
ZMPSTE24	0	627	2
ZMPSTE24	1	137	2
ZMYND10	0	628	1
ZMYND10	1	139	0
ZNF335	0	628	1
ZNF335	1	139	0
ZNF407	0	629	0
ZNF407	1	138	1
ZNF526	0	628	1
ZNF526	1	138	1
ZNF644	0	625	4
ZNF644	1	138	1
