kept_transcripts	storm	ref	var
A2M	0	358	0
A2M	1	409	1
AARS2	0	357	1
AARS2	1	408	2
ABCA1	0	356	2
ABCA1	1	410	0
ABCA12	0	357	1
ABCA12	1	409	1
ABCA4	0	358	0
ABCA4	1	409	1
ABCB1	0	357	1
ABCB1	1	409	1
ABCB4	0	358	0
ABCB4	1	409	1
ABCB6	0	357	1
ABCB6	1	407	3
ABCC11	0	351	7
ABCC11	1	398	12
ABCC12	0	358	0
ABCC12	1	409	1
ABCC2	0	357	1
ABCC2	1	408	2
ABCC8	0	357	1
ABCC8	1	409	1
ABCC9	0	354	4
ABCC9	1	409	1
ABCG2	0	358	0
ABCG2	1	409	1
ABCG5	0	357	1
ABCG5	1	410	0
ABCG8	0	357	1
ABCG8	1	408	2
ABO	0	348	10
ABO	1	395	15
AC002470.2	0	357	1
AC002470.2	1	410	0
AC008629.1	0	357	1
AC008629.1	1	410	0
AC009533.1	0	357	1
AC009533.1	1	409	1
AC010789.2	0	356	2
AC010789.2	1	410	0
AC011530.1	0	357	1
AC011530.1	1	409	1
AC048338.1	0	358	0
AC048338.1	1	409	1
AC093512.2	0	358	0
AC093512.2	1	409	1
ACACB	0	356	2
ACACB	1	409	1
ACAD8	0	358	0
ACAD8	1	409	1
ACADL	0	353	5
ACADL	1	397	13
ACADSB	0	357	1
ACADSB	1	408	2
ACADVL	0	358	0
ACADVL	1	409	1
ACAT2	0	358	0
ACAT2	1	409	1
ACBD6	0	350	8
ACBD6	1	402	8
ACSF3	0	357	1
ACSF3	1	408	2
ACTG1	0	358	0
ACTG1	1	409	1
ACTN4	0	358	0
ACTN4	1	410	0
ACVR2B	0	357	1
ACVR2B	1	410	0
ADAMTS10	0	358	0
ADAMTS10	1	409	1
ADAMTS13	0	358	0
ADAMTS13	1	409	1
ADAMTS18	0	350	8
ADAMTS18	1	404	6
ADAMTSL2	0	356	2
ADAMTSL2	1	409	1
ADAMTSL4	0	355	3
ADAMTSL4	1	405	5
ADD1	0	357	1
ADD1	1	408	2
ADH1A	0	357	1
ADH1A	1	410	0
ADH1C	0	344	14
ADH1C	1	388	22
AGBL1	0	357	1
AGBL1	1	407	3
AGGF1	0	358	0
AGGF1	1	409	1
AGL	0	358	0
AGL	1	410	0
AGPS	0	355	3
AGPS	1	409	1
AGRN	0	357	1
AGRN	1	410	0
AGXT2	0	352	6
AGXT2	1	398	12
AHCY	0	358	0
AHCY	1	410	0
AIPL1	0	357	1
AIPL1	1	409	1
AIRE	0	357	1
AIRE	1	407	3
AKAP9	0	358	0
AKAP9	1	409	1
AL358113.1	0	358	0
AL358113.1	1	409	1
AL450384.2	0	357	1
AL450384.2	1	410	0
ALB	0	358	0
ALB	1	409	1
ALDH7A1	0	358	0
ALDH7A1	1	409	1
ALG11	0	357	1
ALG11	1	410	0
ALG12	0	358	0
ALG12	1	408	2
ALG6	0	357	1
ALG6	1	410	0
ALK	0	337	21
ALK	1	402	8
ALMS1	0	356	2
ALMS1	1	407	3
ALOX12B	0	358	0
ALOX12B	1	409	1
ALOXE3	0	356	2
ALOXE3	1	406	4
AMH	0	357	1
AMH	1	410	0
AMPD1	0	358	0
AMPD1	1	408	2
ANG	0	358	0
ANG	1	409	1
ANGPTL4	0	358	0
ANGPTL4	1	405	5
ANKH	0	357	1
ANKH	1	410	0
ANKRD26	0	355	3
ANKRD26	1	409	1
ANLN	0	357	1
ANLN	1	410	0
ANO10	0	323	35
ANO10	1	375	35
ANO3	0	358	0
ANO3	1	409	1
ANO5	0	358	0
ANO5	1	409	1
ANO6	0	356	2
ANO6	1	410	0
ANTXR2	0	341	17
ANTXR2	1	393	17
AP1S1	0	358	0
AP1S1	1	409	1
AP4E1	0	357	1
AP4E1	1	409	1
AP4S1	0	357	1
AP4S1	1	410	0
AP5Z1	0	357	1
AP5Z1	1	410	0
APC	0	357	1
APC	1	410	0
APOA4	0	357	1
APOA4	1	409	1
APOB	0	358	0
APOB	1	408	2
APOC3	0	357	1
APOC3	1	405	5
APOL2	0	357	1
APOL2	1	410	0
APTX	0	356	2
APTX	1	409	1
ARMC4	0	358	0
ARMC4	1	409	1
ASAH1	0	358	0
ASAH1	1	409	1
ASB10	0	358	0
ASB10	1	409	1
ASCC1	0	351	7
ASCC1	1	402	8
ASIP	0	358	0
ASIP	1	409	1
ASPA	0	357	1
ASPA	1	409	1
ASPM	0	356	2
ASPM	1	410	0
ASS1	0	357	1
ASS1	1	410	0
ASXL1	0	349	9
ASXL1	1	403	7
ATG9B	0	358	0
ATG9B	1	409	1
ATIC	0	357	1
ATIC	1	410	0
ATM	0	355	3
ATM	1	409	1
ATN1	0	358	0
ATN1	1	410	0
ATP13A2	0	358	0
ATP13A2	1	409	1
ATP1A2	0	357	1
ATP1A2	1	410	0
ATP2A1	0	357	1
ATP2A1	1	409	1
ATP2C1	0	358	0
ATP2C1	1	410	0
ATP5F1A	0	357	1
ATP5F1A	1	410	0
ATP6V0A4	0	357	1
ATP6V0A4	1	410	0
ATP7B	0	356	2
ATP7B	1	408	2
ATP8A2	0	358	0
ATP8A2	1	409	1
ATR	0	357	1
ATR	1	410	0
ATXN1	0	358	0
ATXN1	1	410	0
ATXN10	0	357	1
ATXN10	1	410	0
ATXN7	0	357	1
ATXN7	1	410	0
AURKA	0	356	2
AURKA	1	407	3
AUTS2	0	357	1
AUTS2	1	410	0
B3GALNT2	0	358	0
B3GALNT2	1	409	1
B4GALNT1	0	357	1
B4GALNT1	1	410	0
BANK1	0	358	0
BANK1	1	409	1
BARD1	0	358	0
BARD1	1	409	1
BBS12	0	358	0
BBS12	1	409	1
BBS4	0	357	1
BBS4	1	410	0
BBS7	0	356	2
BBS7	1	406	4
BBS9	0	358	0
BBS9	1	409	1
BCAT2	0	358	0
BCAT2	1	409	1
BCHE	0	358	0
BCHE	1	408	2
BCKDHB	0	357	1
BCKDHB	1	410	0
BCL10	0	358	0
BCL10	1	409	1
BCS1L	0	358	0
BCS1L	1	409	1
BDNF	0	358	0
BDNF	1	409	1
BEAN1	0	357	1
BEAN1	1	410	0
BFSP1	0	353	5
BFSP1	1	404	6
BIN1	0	357	1
BIN1	1	410	0
BIVM-ERCC5	0	357	1
BIVM-ERCC5	1	408	2
BLK	0	357	1
BLK	1	409	1
BLOC1S3	0	357	1
BLOC1S3	1	410	0
BLOC1S6	0	354	4
BLOC1S6	1	404	6
BMPR1A	0	358	0
BMPR1A	1	409	1
BRAT1	0	357	1
BRAT1	1	409	1
BRCA1	0	358	0
BRCA1	1	409	1
BRCA2	0	349	9
BRCA2	1	395	15
BRIP1	0	357	1
BRIP1	1	408	2
BTD	0	355	3
BTD	1	406	4
C12orf65	0	358	0
C12orf65	1	409	1
C19orf12	0	358	0
C19orf12	1	409	1
C1R	0	356	2
C1R	1	402	8
C2CD3	0	357	1
C2CD3	1	410	0
C3	0	358	0
C3	1	410	0
C5	0	357	1
C5	1	410	0
C6	0	356	2
C6	1	402	8
C7	0	358	0
C7	1	409	1
C8A	0	358	0
C8A	1	408	2
C8B	0	350	8
C8B	1	407	3
C9	0	356	2
C9	1	403	7
C9orf72	0	357	1
C9orf72	1	409	1
CA12	0	358	0
CA12	1	409	1
CABP2	0	356	2
CABP2	1	409	1
CABP4	0	358	0
CABP4	1	410	0
CACNA1A	0	358	0
CACNA1A	1	409	1
CACNA1B	0	358	0
CACNA1B	1	409	1
CACNA1D	0	358	0
CACNA1D	1	409	1
CACNA1H	0	357	1
CACNA1H	1	408	2
CACNA2D4	0	358	0
CACNA2D4	1	408	2
CACNB2	0	358	0
CACNB2	1	410	0
CANT1	0	358	0
CANT1	1	410	0
CAPN3	0	357	1
CAPN3	1	407	3
CAPN5	0	357	1
CAPN5	1	410	0
CARD14	0	358	0
CARD14	1	409	1
CARD9	0	354	4
CARD9	1	406	4
CARS2	0	355	3
CARS2	1	408	2
CASP8	0	332	26
CASP8	1	387	23
CASQ2	0	358	0
CASQ2	1	409	1
CAT	0	358	0
CAT	1	409	1
CATSPER1	0	354	4
CATSPER1	1	406	4
CATSPER2	0	357	1
CATSPER2	1	410	0
CAVIN4	0	357	1
CAVIN4	1	410	0
CC2D1A	0	358	0
CC2D1A	1	410	0
CC2D2A	0	356	2
CC2D2A	1	410	0
CCDC103	0	358	0
CCDC103	1	409	1
CCDC114	0	357	1
CCDC114	1	410	0
CCDC151	0	357	1
CCDC151	1	410	0
CCDC39	0	348	10
CCDC39	1	396	14
CCDC40	0	358	0
CCDC40	1	409	1
CCDC78	0	357	1
CCDC78	1	409	1
CCDC8	0	358	0
CCDC8	1	409	1
CCDC88C	0	357	1
CCDC88C	1	410	0
CCNO	0	357	1
CCNO	1	410	0
CCR5	0	358	0
CCR5	1	409	1
CD36	0	342	16
CD36	1	393	17
CD3E	0	358	0
CD3E	1	409	1
CD3G	0	351	7
CD3G	1	398	12
CD96	0	356	2
CD96	1	408	2
CDH15	0	358	0
CDH15	1	408	2
CDH23	0	358	0
CDH23	1	410	0
CDK5RAP2	0	356	2
CDK5RAP2	1	407	3
CDKN2B	0	358	0
CDKN2B	1	409	1
CDON	0	358	0
CDON	1	409	1
CEACAM16	0	357	1
CEACAM16	1	410	0
CEL	0	358	0
CEL	1	408	2
CENPE	0	357	1
CENPE	1	410	0
CENPJ	0	356	2
CENPJ	1	410	0
CEP135	0	357	1
CEP135	1	409	1
CEP152	0	357	1
CEP152	1	408	2
CEP164	0	352	6
CEP164	1	407	3
CEP290	0	354	4
CEP290	1	408	2
CEP63	0	356	2
CEP63	1	410	0
CETP	0	357	1
CETP	1	409	1
CFAP206	0	352	6
CFAP206	1	406	4
CFH	0	352	6
CFH	1	405	5
CFHR2	0	353	5
CFHR2	1	404	6
CFHR3	0	357	1
CFHR3	1	410	0
CFHR4	0	356	2
CFHR4	1	409	1
CFHR5	0	357	1
CFHR5	1	408	2
CFI	0	357	1
CFI	1	409	1
CFTR	0	357	1
CFTR	1	409	1
CHD8	0	357	1
CHD8	1	410	0
CHEK1	0	352	6
CHEK1	1	400	10
CHEK2	0	357	1
CHEK2	1	408	2
CHIT1	0	354	4
CHIT1	1	407	3
CHKB	0	357	1
CHKB	1	410	0
CHMP1A	0	357	1
CHMP1A	1	409	1
CHMP2B	0	357	1
CHMP2B	1	410	0
CHRNA5	0	358	0
CHRNA5	1	409	1
CHRNB2	0	358	0
CHRNB2	1	409	1
CHRNB4	0	357	1
CHRNB4	1	410	0
CHRNE	0	358	0
CHRNE	1	407	3
CHRNG	0	357	1
CHRNG	1	410	0
CHST5	0	358	0
CHST5	1	409	1
CHST6	0	358	0
CHST6	1	409	1
CIDEC	0	357	1
CIDEC	1	410	0
CILP	0	358	0
CILP	1	408	2
CITED2	0	358	0
CITED2	1	409	1
CLCN1	0	351	7
CLCN1	1	393	17
CLCN2	0	357	1
CLCN2	1	410	0
CLCN7	0	356	2
CLCN7	1	406	4
CLCNKA	0	356	2
CLCNKA	1	410	0
CLCNKB	0	358	0
CLCNKB	1	409	1
CLDN14	0	358	0
CLDN14	1	410	0
CLIC5	0	358	0
CLIC5	1	409	1
CLN3	0	358	0
CLN3	1	410	0
CLRN1	0	358	0
CLRN1	1	409	1
CLU	0	358	0
CLU	1	409	1
CNGA3	0	358	0
CNGA3	1	409	1
CNGB1	0	358	0
CNGB1	1	409	1
CNGB3	0	353	5
CNGB3	1	405	5
CNTNAP2	0	357	1
CNTNAP2	1	410	0
COCH	0	358	0
COCH	1	409	1
COG5	0	357	1
COG5	1	410	0
COG6	0	357	1
COG6	1	409	1
COL10A1	0	357	1
COL10A1	1	410	0
COL11A1	0	358	0
COL11A1	1	410	0
COL18A1	0	350	8
COL18A1	1	402	8
COL1A2	0	358	0
COL1A2	1	409	1
COL4A1	0	358	0
COL4A1	1	410	0
COL4A2	0	355	3
COL4A2	1	407	3
COL4A3	0	357	1
COL4A3	1	410	0
COL4A4	0	358	0
COL4A4	1	409	1
COL6A3	0	357	1
COL6A3	1	410	0
COL7A1	0	354	4
COL7A1	1	402	8
COL9A2	0	352	6
COL9A2	1	403	7
COL9A3	0	356	2
COL9A3	1	409	1
COMP	0	358	0
COMP	1	410	0
COQ2	0	340	18
COQ2	1	384	26
COQ9	0	358	0
COQ9	1	409	1
CP	0	354	4
CP	1	409	1
CPA1	0	358	0
CPA1	1	409	1
CPLANE1	0	356	2
CPLANE1	1	404	6
CRB1	0	358	0
CRB1	1	410	0
CRBN	0	358	0
CRBN	1	409	1
CRLF1	0	358	0
CRLF1	1	410	0
CRPPA	0	357	1
CRPPA	1	410	0
CRYBA2	0	358	0
CRYBA2	1	409	1
CRYBA4	0	356	2
CRYBA4	1	407	3
CRYBB2	0	357	1
CRYBB2	1	410	0
CRYBB3	0	358	0
CRYBB3	1	410	0
CRYGD	0	355	3
CRYGD	1	405	5
CRYM	0	358	0
CRYM	1	410	0
CSF2RB	0	350	8
CSF2RB	1	402	8
CSPP1	0	358	0
CSPP1	1	410	0
CST3	0	354	4
CST3	1	410	0
CTC1	0	358	0
CTC1	1	409	1
CTNNA3	0	358	0
CTNNA3	1	409	1
CTPS1	0	358	0
CTPS1	1	409	1
CTSA	0	350	8
CTSA	1	400	10
CTSC	0	358	0
CTSC	1	409	1
CUBN	0	357	1
CUBN	1	408	2
CUBNP1	0	357	1
CUBNP1	1	410	0
CUL3	0	358	0
CUL3	1	409	1
CUL7	0	357	1
CUL7	1	409	1
CWF19L1	0	357	1
CWF19L1	1	410	0
CYBA	0	357	1
CYBA	1	410	0
CYP11A1	0	357	1
CYP11A1	1	410	0
CYP11B2	0	357	1
CYP11B2	1	410	0
CYP17A1	0	358	0
CYP17A1	1	409	1
CYP24A1	0	356	2
CYP24A1	1	410	0
CYP26C1	0	357	1
CYP26C1	1	410	0
CYP2A13	0	354	4
CYP2A13	1	407	3
CYP2A6	0	331	27
CYP2A6	1	368	42
CYP2B6	0	356	2
CYP2B6	1	410	0
CYP2C19	0	357	1
CYP2C19	1	404	6
CYP4F2	0	358	0
CYP4F2	1	407	3
CYP4V2	0	358	0
CYP4V2	1	407	3
DARS2	0	358	0
DARS2	1	409	1
DBH	0	357	1
DBH	1	409	1
DCHS1	0	358	0
DCHS1	1	410	0
DCLRE1C	0	357	1
DCLRE1C	1	409	1
DCLRE1CP1	0	358	0
DCLRE1CP1	1	408	2
DDHD2	0	357	1
DDHD2	1	409	1
DDX11	0	355	3
DDX11	1	407	3
DDX12P	0	357	1
DDX12P	1	409	1
DES	0	357	1
DES	1	408	2
DGAT1	0	358	0
DGAT1	1	409	1
DGUOK	0	358	0
DGUOK	1	409	1
DHCR7	0	349	9
DHCR7	1	402	8
DHODH	0	358	0
DHODH	1	409	1
DHTKD1	0	356	2
DHTKD1	1	407	3
DIAPH1	0	358	0
DIAPH1	1	409	1
DIAPH3	0	353	5
DIAPH3	1	407	3
DICER1	0	357	1
DICER1	1	410	0
DLD	0	358	0
DLD	1	409	1
DMGDH	0	358	0
DMGDH	1	409	1
DNA2	0	354	4
DNA2	1	406	4
DNAAF1	0	358	0
DNAAF1	1	409	1
DNAAF2	0	358	0
DNAAF2	1	408	2
DNAAF4	0	351	7
DNAAF4	1	402	8
DNAH11	0	356	2
DNAH11	1	408	2
DNAH5	0	357	1
DNAH5	1	408	2
DNAH9	0	320	38
DNAH9	1	382	28
DNAI2	0	357	1
DNAI2	1	410	0
DNAJB2	0	355	3
DNAJB2	1	409	1
DNASE1	0	357	1
DNASE1	1	409	1
DNASE1L3	0	357	1
DNASE1L3	1	410	0
DNMT3A	0	355	3
DNMT3A	1	406	4
DOCK6	0	357	1
DOCK6	1	410	0
DOCK7	0	358	0
DOCK7	1	408	2
DOCK8	0	358	0
DOCK8	1	409	1
DOLK	0	351	7
DOLK	1	403	7
DPYD	0	354	4
DPYD	1	408	2
DPYS	0	357	1
DPYS	1	410	0
DSC2	0	347	11
DSC2	1	400	10
DSC3	0	357	1
DSC3	1	410	0
DSG1-AS1	0	356	2
DSG1-AS1	1	409	1
DST	0	358	0
DST	1	408	2
DUOX1	0	357	1
DUOX1	1	408	2
DUOX2	0	353	5
DUOX2	1	404	6
DUOXA1	0	356	2
DUOXA1	1	410	0
DUOXA2	0	358	0
DUOXA2	1	409	1
DYNC2H1	0	358	0
DYNC2H1	1	406	4
DYNC2I1	0	354	4
DYNC2I1	1	410	0
DYNC2I2	0	358	0
DYNC2I2	1	409	1
DYRK1B	0	352	6
DYRK1B	1	406	4
DYSF	0	358	0
DYSF	1	409	1
EARS2	0	358	0
EARS2	1	409	1
ECEL1	0	357	1
ECEL1	1	410	0
EDN3	0	354	4
EDN3	1	406	4
EEF2	0	358	0
EEF2	1	409	1
EGF	0	357	1
EGF	1	403	7
EGLN1	0	358	0
EGLN1	1	408	2
EHMT1	0	350	8
EHMT1	1	409	1
EIF2AK4	0	357	1
EIF2AK4	1	407	3
EIF2B3	0	356	2
EIF2B3	1	405	5
EIF2B4	0	358	0
EIF2B4	1	408	2
ELAC2	0	358	0
ELAC2	1	408	2
ELMOD2	0	357	1
ELMOD2	1	410	0
ELOVL5	0	352	6
ELOVL5	1	400	10
EMP2	0	358	0
EMP2	1	409	1
EMX2	0	358	0
EMX2	1	409	1
ENAM	0	354	4
ENAM	1	410	0
ENO3	0	356	2
ENO3	1	410	0
EOGT	0	358	0
EOGT	1	409	1
EP300	0	350	8
EP300	1	394	16
EPB42	0	358	0
EPB42	1	409	1
EPS8	0	357	1
EPS8	1	410	0
ERBB2	0	358	0
ERBB2	1	409	1
ERCC2	0	355	3
ERCC2	1	410	0
ERCC3	0	357	1
ERCC3	1	408	2
ERCC6	0	357	1
ERCC6	1	409	1
ERCC6L2	0	357	1
ERCC6L2	1	409	1
ESCO2	0	354	4
ESCO2	1	406	4
ESPN	0	344	14
ESPN	1	381	29
ETFB	0	337	21
ETFB	1	373	37
ETFDH	0	353	5
ETFDH	1	405	5
ETHE1	0	357	1
ETHE1	1	410	0
EVC	0	358	0
EVC	1	409	1
EVI5	0	357	1
EVI5	1	409	1
EXO1	0	358	0
EXO1	1	405	5
EXOSC8	0	357	1
EXOSC8	1	410	0
EXPH5	0	357	1
EXPH5	1	410	0
EXT2	0	358	0
EXT2	1	409	1
EYA4	0	357	1
EYA4	1	410	0
EYS	0	354	4
EYS	1	409	1
F12	0	355	3
F12	1	408	2
F13B	0	358	0
F13B	1	409	1
F2	0	357	1
F2	1	410	0
F7	0	357	1
F7	1	409	1
FA2H	0	356	2
FA2H	1	409	1
FAM111A	0	349	9
FAM111A	1	398	12
FANCA	0	357	1
FANCA	1	409	1
FANCD2	0	358	0
FANCD2	1	409	1
FANCF	0	357	1
FANCF	1	410	0
FANCI	0	357	1
FANCI	1	406	4
FANCL	0	357	1
FANCL	1	409	1
FANCM	0	356	2
FANCM	1	407	3
FASLG	0	358	0
FASLG	1	409	1
FASN	0	357	1
FASN	1	410	0
FASTKD2	0	357	1
FASTKD2	1	410	0
FBLN1	0	357	1
FBLN1	1	410	0
FBXL4	0	358	0
FBXL4	1	407	3
FCGR2A	0	344	14
FCGR2A	1	401	9
FCGR3B	0	357	1
FCGR3B	1	410	0
FCN3	0	350	8
FCN3	1	399	11
FFAR4	0	357	1
FFAR4	1	410	0
FGA	0	358	0
FGA	1	409	1
FGFR1	0	345	13
FGFR1	1	402	8
FIG4	0	356	2
FIG4	1	409	1
FKBP10	0	357	1
FKBP10	1	409	1
FKBP14	0	355	3
FKBP14	1	408	2
FKRP	0	356	2
FKRP	1	410	0
FKTN	0	358	0
FKTN	1	409	1
FLG	0	301	57
FLG	1	354	56
FLNB	0	357	1
FLNB	1	410	0
FLNC	0	356	2
FLNC	1	410	0
FLT3	0	357	1
FLT3	1	410	0
FOLH1	0	358	0
FOLH1	1	409	1
FOLR1	0	356	2
FOLR1	1	409	1
FOXL2	0	358	0
FOXL2	1	409	1
FOXP2	0	358	0
FOXP2	1	410	0
FOXRED1	0	358	0
FOXRED1	1	409	1
FRAS1	0	357	1
FRAS1	1	407	3
FREM1	0	358	0
FREM1	1	406	4
FREM2	0	357	1
FREM2	1	407	3
FSCN2	0	356	2
FSCN2	1	403	7
FTCD	0	357	1
FTCD	1	410	0
FTO	0	358	0
FTO	1	409	1
FUS	0	358	0
FUS	1	410	0
FUT6	0	348	10
FUT6	1	403	7
G6PC	0	358	0
G6PC	1	409	1
GAA	0	357	1
GAA	1	408	2
GABRB3	0	358	0
GABRB3	1	409	1
GABRD	0	357	1
GABRD	1	410	0
GALC	0	358	0
GALC	1	409	1
GALK1	0	357	1
GALK1	1	410	0
GATA3	0	358	0
GATA3	1	410	0
GBA2	0	358	0
GBA2	1	408	2
GBE1	0	358	0
GBE1	1	409	1
GC	0	347	11
GC	1	385	25
GCKR	0	356	2
GCKR	1	409	1
GCNT2	0	356	2
GCNT2	1	410	0
GFER	0	357	1
GFER	1	410	0
GFM2	0	358	0
GFM2	1	409	1
GGCX	0	357	1
GGCX	1	410	0
GHRL	0	358	0
GHRL	1	409	1
GIPC3	0	355	3
GIPC3	1	407	3
GJA1	0	351	7
GJA1	1	408	2
GJA5	0	358	0
GJA5	1	408	2
GJA8	0	357	1
GJA8	1	410	0
GJB2	0	344	14
GJB2	1	395	15
GJB4	0	326	32
GJB4	1	367	43
GJB6	0	358	0
GJB6	1	409	1
GJC2	0	355	3
GJC2	1	410	0
GMPPB	0	358	0
GMPPB	1	409	1
GNA11	0	357	1
GNA11	1	410	0
GNAO1	0	350	8
GNAO1	1	403	7
GNRH1	0	357	1
GNRH1	1	410	0
GNRHR	0	357	1
GNRHR	1	407	3
GNS	0	358	0
GNS	1	409	1
GORAB	0	358	0
GORAB	1	408	2
GP1BA	0	358	0
GP1BA	1	407	3
GP9	0	357	1
GP9	1	410	0
GPSM2	0	356	2
GPSM2	1	410	0
GRHL2	0	351	7
GRHL2	1	394	16
GRHPR	0	358	0
GRHPR	1	410	0
GRIN1	0	358	0
GRIN1	1	409	1
GRIN2A	0	332	26
GRIN2A	1	372	38
GRM6	0	358	0
GRM6	1	409	1
GRXCR2	0	357	1
GRXCR2	1	410	0
GSDME	0	356	2
GSDME	1	409	1
GTF2H5	0	357	1
GTF2H5	1	410	0
GUCA1B	0	357	1
GUCA1B	1	408	2
GUCY2D	0	357	1
GUCY2D	1	410	0
GUSB	0	357	1
GUSB	1	410	0
GYG1	0	357	1
GYG1	1	410	0
GYS2	0	356	2
GYS2	1	410	0
HADHA	0	358	0
HADHA	1	409	1
HAL	0	356	2
HAL	1	408	2
HEXA	0	358	0
HEXA	1	409	1
HGD	0	357	1
HGD	1	410	0
HGF	0	357	1
HGF	1	410	0
HIBCH	0	356	2
HIBCH	1	410	0
HIP1	0	348	10
HIP1	1	406	4
HMCN1	0	350	8
HMCN1	1	399	11
HMGCS2	0	358	0
HMGCS2	1	409	1
HOXB13	0	356	2
HOXB13	1	410	0
HOXD10	0	358	0
HOXD10	1	409	1
HOXD13	0	358	0
HOXD13	1	409	1
HPD	0	357	1
HPD	1	410	0
HPGD	0	357	1
HPGD	1	410	0
HPS1	0	357	1
HPS1	1	409	1
HPS3	0	357	1
HPS3	1	409	1
HPS5	0	357	1
HPS5	1	410	0
HPS6	0	358	0
HPS6	1	409	1
HR	0	358	0
HR	1	410	0
HSF4	0	357	1
HSF4	1	410	0
HSPB3	0	358	0
HSPB3	1	409	1
HTT	0	358	0
HTT	1	410	0
HYDIN	0	356	2
HYDIN	1	410	0
HYDIN2	0	356	2
HYDIN2	1	405	5
HYLS1	0	356	2
HYLS1	1	410	0
IBA57	0	357	1
IBA57	1	410	0
ICAM4	0	356	2
ICAM4	1	409	1
IDH1	0	356	2
IDH1	1	409	1
IDUA	0	357	1
IDUA	1	406	4
IFIH1	0	349	9
IFIH1	1	399	11
IFITM5	0	358	0
IFITM5	1	409	1
IFNAR2	0	358	0
IFNAR2	1	409	1
IFNGR1	0	357	1
IFNGR1	1	410	0
IFNL1	0	358	0
IFNL1	1	409	1
IFNL2	0	358	0
IFNL2	1	409	1
IFT140	0	357	1
IFT140	1	410	0
IFT172	0	355	3
IFT172	1	409	1
IFT43	0	358	0
IFT43	1	409	1
IGFALS	0	358	0
IGFALS	1	409	1
IGLL1	0	357	1
IGLL1	1	408	2
IL10RB	0	357	1
IL10RB	1	410	0
IL12RB1	0	357	1
IL12RB1	1	410	0
IL23R	0	353	5
IL23R	1	405	5
IL36RN	0	357	1
IL36RN	1	410	0
IL7R	0	358	0
IL7R	1	409	1
ILK	0	357	1
ILK	1	410	0
IMPG2	0	358	0
IMPG2	1	409	1
INPP5E	0	358	0
INPP5E	1	409	1
INVS	0	358	0
INVS	1	407	3
IQCB1	0	358	0
IQCB1	1	409	1
IRAK4	0	358	0
IRAK4	1	409	1
IRS1	0	355	3
IRS1	1	408	2
IRS2	0	358	0
IRS2	1	408	2
ITGA2	0	357	1
ITGA2	1	409	1
ITGA3	0	357	1
ITGA3	1	410	0
ITGA6	0	358	0
ITGA6	1	407	3
ITGA7	0	357	1
ITGA7	1	409	1
ITGAD	0	358	0
ITGAD	1	409	1
ITGAM	0	357	1
ITGAM	1	410	0
ITGB4	0	358	0
ITGB4	1	409	1
ITK	0	358	0
ITK	1	409	1
ITM2B	0	357	1
ITM2B	1	407	3
ITPA	0	357	1
ITPA	1	409	1
ITPR1	0	357	1
ITPR1	1	410	0
JAGN1	0	357	1
JAGN1	1	407	3
JAK3	0	357	1
JAK3	1	409	1
JAM3	0	357	1
JAM3	1	410	0
KANK1	0	358	0
KANK1	1	410	0
KATNAL2	0	333	25
KATNAL2	1	375	35
KCNA5	0	358	0
KCNA5	1	409	1
KCNH2	0	355	3
KCNH2	1	408	2
KCNQ1	0	357	1
KCNQ1	1	410	0
KCNV2	0	356	2
KCNV2	1	410	0
KIF14	0	357	1
KIF14	1	410	0
KIF1C	0	358	0
KIF1C	1	410	0
KIF21A	0	355	3
KIF21A	1	405	5
KIF7	0	357	1
KIF7	1	410	0
KISS1	0	357	1
KISS1	1	410	0
KISS1R	0	357	1
KISS1R	1	410	0
KITLG	0	357	1
KITLG	1	410	0
KL	0	357	1
KL	1	409	1
KLF11	0	357	1
KLF11	1	410	0
KLHL41	0	357	1
KLHL41	1	408	2
KPTN	0	358	0
KPTN	1	409	1
KRT16P3	0	341	17
KRT16P3	1	393	17
KRT17	0	357	1
KRT17	1	410	0
KRT3	0	358	0
KRT3	1	409	1
KRT4	0	357	1
KRT4	1	410	0
KRT6A	0	357	1
KRT6A	1	410	0
KRT74	0	358	0
KRT74	1	409	1
KRT75	0	357	1
KRT75	1	410	0
KRT83	0	354	4
KRT83	1	401	9
LAMA1	0	358	0
LAMA1	1	409	1
LAMA2	0	355	3
LAMA2	1	393	17
LAMA3	0	358	0
LAMA3	1	409	1
LAMA4	0	358	0
LAMA4	1	409	1
LAMB1	0	357	1
LAMB1	1	410	0
LAMB3	0	355	3
LAMB3	1	409	1
LAMC3	0	358	0
LAMC3	1	407	3
LARGE1	0	358	0
LARGE1	1	409	1
LARP7	0	357	1
LARP7	1	409	1
LCA5	0	358	0
LCA5	1	408	2
LCAT	0	358	0
LCAT	1	409	1
LDB3	0	351	7
LDB3	1	401	9
LEFTY1	0	358	0
LEFTY1	1	409	1
LGI1	0	356	2
LGI1	1	408	2
LHCGR	0	358	0
LHCGR	1	409	1
LIAS	0	358	0
LIAS	1	409	1
LIG4	0	358	0
LIG4	1	410	0
LIPA	0	358	0
LIPA	1	409	1
LIPC	0	356	2
LIPC	1	410	0
LIPN	0	358	0
LIPN	1	408	2
LMBRD1	0	357	1
LMBRD1	1	410	0
LOXHD1	0	346	12
LOXHD1	1	394	16
LOXL1	0	357	1
LOXL1	1	410	0
LPAR6	0	348	10
LPAR6	1	404	6
LRBA	0	357	1
LRBA	1	409	1
LRP8	0	357	1
LRP8	1	410	0
LRPAP1	0	357	1
LRPAP1	1	410	0
LRPPRC	0	357	1
LRPPRC	1	410	0
LRRC6	0	357	1
LRRC6	1	410	0
LRRK2	0	357	1
LRRK2	1	408	2
LRTOMT	0	357	1
LRTOMT	1	410	0
LTBP4	0	358	0
LTBP4	1	409	1
LYRM4	0	357	1
LYRM4	1	410	0
LYST	0	353	5
LYST	1	407	3
LZTFL1	0	358	0
LZTFL1	1	410	0
LZTR1	0	358	0
LZTR1	1	408	2
MAD1L1	0	356	2
MAD1L1	1	409	1
MALT1	0	357	1
MALT1	1	410	0
MAN2B1	0	357	1
MAN2B1	1	409	1
MAP3K1	0	357	1
MAP3K1	1	409	1
MARS1	0	357	1
MARS1	1	410	0
MARS2	0	357	1
MARS2	1	409	1
MASP2	0	358	0
MASP2	1	409	1
MASTL	0	358	0
MASTL	1	408	2
MAT1A	0	357	1
MAT1A	1	410	0
MATN3	0	357	1
MATN3	1	409	1
MATR3	0	355	3
MATR3	1	410	0
MBL2	0	357	1
MBL2	1	410	0
MC1R	0	358	0
MC1R	1	407	3
MCEE	0	357	1
MCEE	1	409	1
MCOLN1	0	357	1
MCOLN1	1	410	0
MCPH1	0	357	1
MCPH1	1	409	1
MED13L	0	357	1
MED13L	1	408	2
MEFV	0	357	1
MEFV	1	410	0
MEGF8	0	357	1
MEGF8	1	410	0
MERTK	0	355	3
MERTK	1	408	2
MESP2	0	357	1
MESP2	1	410	0
METTL23	0	358	0
METTL23	1	408	2
MFF	0	355	3
MFF	1	407	3
MFRP	0	357	1
MFRP	1	410	0
MFSD8	0	358	0
MFSD8	1	409	1
MGP	0	358	0
MGP	1	409	1
MIB1	0	357	1
MIB1	1	410	0
MLH3	0	358	0
MLH3	1	409	1
MLPH	0	358	0
MLPH	1	408	2
MMAA	0	358	0
MMAA	1	409	1
MMACHC	0	357	1
MMACHC	1	410	0
MMP1	0	333	25
MMP1	1	381	29
MMP20	0	357	1
MMP20	1	410	0
MMP9	0	358	0
MMP9	1	409	1
MOGS	0	357	1
MOGS	1	410	0
MPI	0	357	1
MPI	1	410	0
MPLKIP	0	358	0
MPLKIP	1	409	1
MPO	0	350	8
MPO	1	399	11
MRE11	0	358	0
MRE11	1	409	1
MRPL3	0	357	1
MRPL3	1	410	0
MRPS22	0	358	0
MRPS22	1	410	0
MS4A2	0	356	2
MS4A2	1	409	1
MSH3	0	356	2
MSH3	1	408	2
MSH6	0	358	0
MSH6	1	408	2
MSR1	0	353	5
MSR1	1	402	8
MSTN	0	357	1
MSTN	1	410	0
MTFMT	0	357	1
MTFMT	1	409	1
MTHFR	0	358	0
MTHFR	1	409	1
MTMR14	0	358	0
MTMR14	1	409	1
MTMR2	0	351	7
MTMR2	1	406	4
MTO1	0	358	0
MTO1	1	410	0
MTR	0	354	4
MTR	1	402	8
MUC1	0	358	0
MUC1	1	410	0
MUC5B	0	351	7
MUC5B	1	398	12
MUTYH	0	358	0
MUTYH	1	408	2
MYF6	0	357	1
MYF6	1	410	0
MYH1	0	358	0
MYH1	1	408	2
MYH2	0	358	0
MYH2	1	409	1
MYH6	0	355	3
MYH6	1	408	2
MYH8	0	352	6
MYH8	1	404	6
MYLK	0	358	0
MYLK	1	409	1
MYLKP1	0	335	23
MYLKP1	1	384	26
MYO15A	0	357	1
MYO15A	1	404	6
MYO1A	0	357	1
MYO1A	1	407	3
MYO1C	0	354	4
MYO1C	1	407	3
MYO1F	0	358	0
MYO1F	1	409	1
MYO3A	0	357	1
MYO3A	1	406	4
MYO5B	0	358	0
MYO5B	1	409	1
MYO7A	0	357	1
MYO7A	1	410	0
MYO9B	0	348	10
MYO9B	1	402	8
MYOC	0	356	2
MYOC	1	409	1
MYOT	0	357	1
MYOT	1	410	0
MYOZ2	0	358	0
MYOZ2	1	409	1
MYPN	0	357	1
MYPN	1	410	0
NAGLU	0	357	1
NAGLU	1	410	0
NAGPA	0	354	4
NAGPA	1	397	13
NARS2	0	357	1
NARS2	1	410	0
NBAS	0	355	3
NBAS	1	407	3
NBEAL2	0	356	2
NBEAL2	1	409	1
NBN	0	355	3
NBN	1	408	2
NCF1	0	357	1
NCF1	1	410	0
NDUFA12	0	357	1
NDUFA12	1	410	0
NDUFA7	0	358	0
NDUFA7	1	410	0
NDUFA9	0	358	0
NDUFA9	1	409	1
NDUFAF3	0	358	0
NDUFAF3	1	409	1
NDUFAF6	0	356	2
NDUFAF6	1	409	1
NDUFAF7	0	328	30
NDUFAF7	1	383	27
NDUFB3	0	358	0
NDUFB3	1	409	1
NDUFB9	0	356	2
NDUFB9	1	410	0
NDUFS3	0	357	1
NDUFS3	1	409	1
NDUFS4	0	357	1
NDUFS4	1	410	0
NDUFV3	0	354	4
NDUFV3	1	401	9
NEB	0	350	8
NEB	1	403	7
NEBL	0	352	6
NEBL	1	409	1
NEDD4	0	358	0
NEDD4	1	409	1
NEFL	0	357	1
NEFL	1	410	0
NEK1	0	357	1
NEK1	1	409	1
NEK2	0	358	0
NEK2	1	409	1
NEK8	0	358	0
NEK8	1	409	1
NF1	0	358	0
NF1	1	408	2
NFKB2	0	355	3
NFKB2	1	408	2
NFU1	0	357	1
NFU1	1	410	0
NGF	0	358	0
NGF	1	410	0
NGLY1	0	357	1
NGLY1	1	410	0
NKX2-1	0	357	1
NKX2-1	1	410	0
NLRC4	0	355	3
NLRC4	1	407	3
NOD2	0	317	41
NOD2	1	374	36
NOL3	0	357	1
NOL3	1	410	0
NOS3	0	357	1
NOS3	1	410	0
NOTCH1	0	357	1
NOTCH1	1	410	0
NOTCH3	0	358	0
NOTCH3	1	408	2
NPC1	0	357	1
NPC1	1	410	0
NPC2	0	358	0
NPC2	1	409	1
NPHP3	0	356	2
NPHP3	1	409	1
NPHP4	0	357	1
NPHP4	1	409	1
NPHS2	0	358	0
NPHS2	1	409	1
NPSR1	0	357	1
NPSR1	1	408	2
NR2E3	0	357	1
NR2E3	1	410	0
NR3C1	0	358	0
NR3C1	1	409	1
NR4A2	0	358	0
NR4A2	1	410	0
NR5A2	0	357	1
NR5A2	1	410	0
NSD2	0	358	0
NSD2	1	406	4
NTHL1	0	358	0
NTHL1	1	405	5
NTRK1	0	356	2
NTRK1	1	410	0
OBSL1	0	351	7
OBSL1	1	400	10
OPRM1	0	358	0
OPRM1	1	409	1
OPTN	0	358	0
OPTN	1	407	3
ORAI1	0	352	6
ORAI1	1	404	6
ORC4	0	358	0
ORC4	1	409	1
ORC6	0	357	1
ORC6	1	410	0
OTOA	0	330	28
OTOA	1	380	30
OTOF	0	357	1
OTOF	1	409	1
OTOG	0	354	4
OTOG	1	405	5
OTOGL	0	356	2
OTOGL	1	408	2
OXA1L	0	356	2
OXA1L	1	407	3
P2RX2	0	356	2
P2RX2	1	409	1
PADI4	0	357	1
PADI4	1	408	2
PAFAH1B1	0	358	0
PAFAH1B1	1	409	1
PAH	0	358	0
PAH	1	409	1
PAX4	0	357	1
PAX4	1	409	1
PCARE	0	358	0
PCARE	1	408	2
PCDH15	0	357	1
PCDH15	1	410	0
PCK2	0	357	1
PCK2	1	408	2
PCSK1	0	358	0
PCSK1	1	410	0
PCSK9	0	358	0
PCSK9	1	409	1
PDE11A	0	353	5
PDE11A	1	403	7
PDE6B	0	330	28
PDE6B	1	377	33
PDE6C	0	358	0
PDE6C	1	409	1
PDE6H	0	357	1
PDE6H	1	410	0
PDSS2	0	358	0
PDSS2	1	409	1
PDX1	0	357	1
PDX1	1	410	0
PDZD7	0	357	1
PDZD7	1	410	0
PEX1	0	350	8
PEX1	1	402	8
PEX14	0	357	1
PEX14	1	410	0
PEX7	0	353	5
PEX7	1	408	2
PFKM	0	358	0
PFKM	1	409	1
PFN1	0	356	2
PFN1	1	407	3
PGAM2	0	358	0
PGAM2	1	410	0
PHC1	0	356	2
PHC1	1	408	2
PHKB	0	348	10
PHKB	1	394	16
PIEZO1	0	332	26
PIEZO1	1	394	16
PIGO	0	358	0
PIGO	1	408	2
PIGT	0	357	1
PIGT	1	410	0
PIGV	0	358	0
PIGV	1	409	1
PIKFYVE	0	358	0
PIKFYVE	1	408	2
PKHD1	0	356	2
PKHD1	1	408	2
PKP2	0	358	0
PKP2	1	409	1
PLA2G7	0	358	0
PLA2G7	1	409	1
PLCE1	0	357	1
PLCE1	1	410	0
PLEC	0	357	1
PLEC	1	410	0
PLEKHG5	0	357	1
PLEKHG5	1	410	0
PLOD2	0	358	0
PLOD2	1	409	1
PMM2	0	358	0
PMM2	1	409	1
PMP22	0	356	2
PMP22	1	407	3
PMS1	0	358	0
PMS1	1	408	2
PNKD	0	357	1
PNKD	1	409	1
PNKP	0	355	3
PNKP	1	409	1
PNPLA1	0	345	13
PNPLA1	1	400	10
PNPLA3	0	357	1
PNPLA3	1	410	0
PNPLA6	0	357	1
PNPLA6	1	410	0
POGLUT1	0	357	1
POGLUT1	1	409	1
POLE	0	356	2
POLE	1	409	1
POLG	0	357	1
POLG	1	410	0
POLR3B	0	356	2
POLR3B	1	410	0
POM121L9P	0	353	5
POM121L9P	1	405	5
POMC	0	358	0
POMC	1	407	3
POMGNT1	0	356	2
POMGNT1	1	409	1
POMK	0	356	2
POMK	1	410	0
POMP	0	357	1
POMP	1	410	0
POMT1	0	354	4
POMT1	1	407	3
POMT2	0	358	0
POMT2	1	409	1
POR	0	358	0
POR	1	409	1
PPP2R1B	0	357	1
PPP2R1B	1	410	0
PRDM5	0	358	0
PRDM5	1	409	1
PRF1	0	358	0
PRF1	1	409	1
PRIMPOL	0	357	1
PRIMPOL	1	409	1
PROS1	0	358	0
PROS1	1	410	0
PRPF6	0	356	2
PRPF6	1	409	1
PRPH	0	356	2
PRPH	1	406	4
PRPS1L1	0	344	14
PRPS1L1	1	395	15
PRSS12	0	351	7
PRSS12	1	404	6
PRX	0	356	2
PRX	1	410	0
PSAT1	0	357	1
PSAT1	1	410	0
PSMA6	0	357	1
PSMA6	1	410	0
PSPHP1	0	350	8
PSPHP1	1	402	8
PTCH2	0	356	2
PTCH2	1	408	2
PTGIS	0	357	1
PTGIS	1	408	2
PTH	0	358	0
PTH	1	409	1
PTPN22	0	357	1
PTPN22	1	405	5
PTPRC	0	358	0
PTPRC	1	410	0
PTPRQ	0	358	0
PTPRQ	1	408	2
PTS	0	358	0
PTS	1	409	1
PUS1	0	357	1
PUS1	1	410	0
PYCR1	0	357	1
PYCR1	1	410	0
PYGL	0	357	1
PYGL	1	410	0
PYGM	0	358	0
PYGM	1	409	1
RAB18	0	352	6
RAB18	1	407	3
RAB27A	0	357	1
RAB27A	1	410	0
RAB3GAP1	0	358	0
RAB3GAP1	1	409	1
RAB3GAP2	0	358	0
RAB3GAP2	1	409	1
RAD21	0	355	3
RAD21	1	409	1
RAD50	0	332	26
RAD50	1	388	22
RAD51B	0	358	0
RAD51B	1	409	1
RAD54B	0	358	0
RAD54B	1	409	1
RAG1	0	357	1
RAG1	1	410	0
RAG2	0	357	1
RAG2	1	410	0
RANGRF	0	351	7
RANGRF	1	406	4
RARS2	0	357	1
RARS2	1	410	0
RASA1	0	356	2
RASA1	1	408	2
RBBP8	0	356	2
RBBP8	1	407	3
RBP3	0	358	0
RBP3	1	409	1
RCBTB1	0	358	0
RCBTB1	1	409	1
RD3	0	358	0
RD3	1	409	1
RDH11	0	357	1
RDH11	1	410	0
RDH5	0	358	0
RDH5	1	409	1
RECQL4	0	357	1
RECQL4	1	409	1
REEP2	0	357	1
REEP2	1	410	0
RELN	0	354	4
RELN	1	410	0
RFX5	0	358	0
RFX5	1	409	1
RFXAP	0	358	0
RFXAP	1	409	1
RGR	0	358	0
RGR	1	410	0
RGS9	0	358	0
RGS9	1	408	2
RGS9BP	0	358	0
RGS9BP	1	407	3
RIMS1	0	358	0
RIMS1	1	409	1
RIN2	0	356	2
RIN2	1	409	1
RIPK4	0	355	3
RIPK4	1	407	3
RMND1	0	357	1
RMND1	1	410	0
RNASEH2A	0	357	1
RNASEH2A	1	410	0
RNASEH2B	0	354	4
RNASEH2B	1	409	1
RNASEL	0	349	9
RNASEL	1	408	2
RNASET2	0	358	0
RNASET2	1	409	1
RNF212	0	355	3
RNF212	1	409	1
RNF213	0	357	1
RNF213	1	408	2
ROBO3	0	357	1
ROBO3	1	410	0
ROM1	0	355	3
ROM1	1	407	3
RP1	0	357	1
RP1	1	410	0
RP1L1	0	355	3
RP1L1	1	403	7
RPE65	0	356	2
RPE65	1	410	0
RPGRIP1	0	358	0
RPGRIP1	1	409	1
RPGRIP1L	0	358	0
RPGRIP1L	1	409	1
RSPH1	0	358	0
RSPH1	1	409	1
RTEL1-TNFRSF6B	0	357	1
RTEL1-TNFRSF6B	1	409	1
RTN2	0	357	1
RTN2	1	409	1
RTTN	0	358	0
RTTN	1	408	2
RYR1	0	354	4
RYR1	1	408	2
RYR2	0	347	11
RYR2	1	402	8
SACS	0	357	1
SACS	1	403	7
SALL2	0	357	1
SALL2	1	409	1
SAMHD1	0	357	1
SAMHD1	1	410	0
SARDH	0	356	2
SARDH	1	410	0
SBDS	0	354	4
SBDS	1	405	5
SBF1	0	356	2
SBF1	1	409	1
SBF2-AS1	0	356	2
SBF2-AS1	1	405	5
SCN10A	0	339	19
SCN10A	1	383	27
SCN11A	0	357	1
SCN11A	1	410	0
SCN4A	0	355	3
SCN4A	1	406	4
SCN9A	0	358	0
SCN9A	1	409	1
SCNN1B	0	357	1
SCNN1B	1	410	0
SCO2	0	357	1
SCO2	1	409	1
SCP2	0	356	2
SCP2	1	407	3
SDHA	0	337	21
SDHA	1	385	25
SDHAP1	0	333	25
SDHAP1	1	377	33
SEC23B	0	357	1
SEC23B	1	410	0
SEC63	0	350	8
SEC63	1	405	5
SELENON	0	358	0
SELENON	1	409	1
SELP	0	357	1
SELP	1	409	1
SEMA3E	0	351	7
SEMA3E	1	409	1
SEMA4A	0	357	1
SEMA4A	1	409	1
SEPTIN12	0	356	2
SEPTIN12	1	410	0
SERPINA3	0	358	0
SERPINA3	1	408	2
SERPING1	0	357	1
SERPING1	1	410	0
SERPINI1	0	358	0
SERPINI1	1	409	1
SETBP1	0	357	1
SETBP1	1	410	0
SETD5	0	357	1
SETD5	1	410	0
SETX	0	356	2
SETX	1	410	0
SFTPA1	0	356	2
SFTPA1	1	409	1
SFTPB	0	358	0
SFTPB	1	409	1
SFXN4	0	356	2
SFXN4	1	408	2
SGCB	0	358	0
SGCB	1	409	1
SH3BP2	0	357	1
SH3BP2	1	409	1
SH3PXD2B	0	357	1
SH3PXD2B	1	410	0
SH3TC2	0	358	0
SH3TC2	1	408	2
SHANK2	0	357	1
SHANK2	1	410	0
SHMT1	0	357	1
SHMT1	1	408	2
SI	0	355	3
SI	1	410	0
SIAE	0	357	1
SIAE	1	409	1
SIL1	0	358	0
SIL1	1	409	1
SIM1	0	358	0
SIM1	1	409	1
SIX3	0	356	2
SIX3	1	409	1
SLC10A2	0	358	0
SLC10A2	1	409	1
SLC12A3	0	358	0
SLC12A3	1	409	1
SLC12A6	0	357	1
SLC12A6	1	410	0
SLC19A2	0	358	0
SLC19A2	1	410	0
SLC22A5	0	357	1
SLC22A5	1	410	0
SLC24A1	0	357	1
SLC24A1	1	410	0
SLC25A2	0	347	11
SLC25A2	1	403	7
SLC25A20	0	358	0
SLC25A20	1	410	0
SLC26A2	0	358	0
SLC26A2	1	409	1
SLC26A3	0	357	1
SLC26A3	1	410	0
SLC26A4	0	357	1
SLC26A4	1	409	1
SLC26A5	0	351	7
SLC26A5	1	401	9
SLC27A4	0	358	0
SLC27A4	1	409	1
SLC2A2	0	358	0
SLC2A2	1	409	1
SLC2A9	0	358	0
SLC2A9	1	408	2
SLC34A1	0	354	4
SLC34A1	1	405	5
SLC34A3	0	352	6
SLC34A3	1	407	3
SLC35D1	0	358	0
SLC35D1	1	408	2
SLC37A4	0	0	358
SLC37A4	1	0	410
SLC38A8	0	358	0
SLC38A8	1	409	1
SLC39A5	0	356	2
SLC39A5	1	405	5
SLC4A10	0	358	0
SLC4A10	1	409	1
SLC4A11	0	330	28
SLC4A11	1	398	12
SLC5A1	0	357	1
SLC5A1	1	410	0
SLC5A2	0	358	0
SLC5A2	1	409	1
SLC6A2	0	358	0
SLC6A2	1	409	1
SLC6A20	0	356	2
SLC6A20	1	409	1
SLC9A9	0	358	0
SLC9A9	1	409	1
SLCO1B1	0	358	0
SLCO1B1	1	409	1
SLCO1B3	0	354	4
SLCO1B3	1	403	7
SLCO1B7	0	354	4
SLCO1B7	1	408	2
SLMAP	0	354	4
SLMAP	1	408	2
SLX4	0	356	2
SLX4	1	407	3
SMAD4	0	353	5
SMAD4	1	401	9
SMARCA2	0	357	1
SMARCA2	1	410	0
SMARCA4	0	357	1
SMARCA4	1	410	0
SMARCAL1	0	358	0
SMARCAL1	1	409	1
SMCHD1	0	358	0
SMCHD1	1	409	1
SMOC1	0	358	0
SMOC1	1	409	1
SMPD1	0	345	13
SMPD1	1	404	6
SOST	0	358	0
SOST	1	409	1
SPAG1	0	357	1
SPAG1	1	409	1
SPATA16	0	358	0
SPATA16	1	410	0
SPEG	0	357	1
SPEG	1	409	1
SPG11	0	355	3
SPG11	1	410	0
SPG21	0	358	0
SPG21	1	409	1
SPINK1	0	358	0
SPINK1	1	408	2
SPINK5	0	356	2
SPINK5	1	410	0
SPTA1	0	358	0
SPTA1	1	410	0
SPTB	0	358	0
SPTB	1	410	0
SPTBN2	0	357	1
SPTBN2	1	409	1
SQSTM1	0	357	1
SQSTM1	1	410	0
SRCAP	0	354	4
SRCAP	1	407	3
ST3GAL5	0	358	0
ST3GAL5	1	409	1
STAC3	0	358	0
STAC3	1	409	1
STAT2	0	358	0
STAT2	1	409	1
STAT5B	0	357	1
STAT5B	1	407	3
STIL	0	356	2
STIL	1	408	2
STIM1	0	355	3
STIM1	1	405	5
STING1	0	358	0
STING1	1	408	2
STOX1	0	358	0
STOX1	1	410	0
STRA6	0	357	1
STRA6	1	410	0
STRC	0	357	1
STRC	1	409	1
STT3A	0	357	1
STT3A	1	409	1
STXBP2	0	357	1
STXBP2	1	410	0
SUCLA2	0	357	1
SUCLA2	1	410	0
SUGCT	0	358	0
SUGCT	1	409	1
SURF1	0	357	1
SURF1	1	410	0
SYCP3	0	351	7
SYCP3	1	404	6
SYNE1	0	356	2
SYNE1	1	408	2
SYNE2	0	357	1
SYNE2	1	410	0
SYNE4	0	358	0
SYNE4	1	409	1
SZT2	0	357	1
SZT2	1	409	1
TBCE	0	357	1
TBCE	1	407	3
TBX19	0	357	1
TBX19	1	409	1
TBXAS1	0	358	0
TBXAS1	1	408	2
TCIRG1	0	358	0
TCIRG1	1	408	2
TCN1	0	357	1
TCN1	1	410	0
TCTN2	0	358	0
TCTN2	1	410	0
TCTN3	0	357	1
TCTN3	1	410	0
TECR	0	357	1
TECR	1	410	0
TEK	0	358	0
TEK	1	409	1
TET2	0	353	5
TET2	1	407	3
TG	0	356	2
TG	1	407	3
TGFBI	0	358	0
TGFBI	1	409	1
TGM1	0	358	0
TGM1	1	409	1
TGM5	0	357	1
TGM5	1	410	0
TGM6	0	358	0
TGM6	1	408	2
TH	0	358	0
TH	1	409	1
TIRAP	0	358	0
TIRAP	1	408	2
TLDC2	0	357	1
TLDC2	1	406	4
TLR1	0	357	1
TLR1	1	409	1
TLR2	0	358	0
TLR2	1	407	3
TLR5	0	332	26
TLR5	1	381	29
TMC1	0	357	1
TMC1	1	410	0
TMC6	0	357	1
TMC6	1	409	1
TMC8	0	357	1
TMC8	1	410	0
TMEM126A	0	358	0
TMEM126A	1	409	1
TMEM67	0	357	1
TMEM67	1	410	0
TMEM70	0	357	1
TMEM70	1	409	1
TMPRSS3	0	358	0
TMPRSS3	1	409	1
TMPRSS5	0	355	3
TMPRSS5	1	404	6
TNFRSF1A	0	357	1
TNFRSF1A	1	410	0
TNFSF11	0	358	0
TNFSF11	1	410	0
TNNT2	0	357	1
TNNT2	1	410	0
TNNT3	0	353	5
TNNT3	1	397	13
TOPORS	0	357	1
TOPORS	1	409	1
TOR1AIP1	0	354	4
TOR1AIP1	1	406	4
TPCN2	0	357	1
TPCN2	1	409	1
TPI1	0	357	1
TPI1	1	409	1
TPMT	0	357	1
TPMT	1	409	1
TPP1	0	356	2
TPP1	1	409	1
TPRN	0	357	1
TPRN	1	410	0
TRAPPC11	0	357	1
TRAPPC11	1	410	0
TRAPPC2B	0	358	0
TRAPPC2B	1	410	0
TRDN	0	358	0
TRDN	1	408	2
TRIM32	0	358	0
TRIM32	1	409	1
TRIOBP	0	355	3
TRIOBP	1	408	2
TRMT10A	0	357	1
TRMT10A	1	410	0
TRNT1	0	358	0
TRNT1	1	409	1
TRPC6	0	358	0
TRPC6	1	409	1
TRPM4	0	357	1
TRPM4	1	405	5
TRPV4	0	357	1
TRPV4	1	409	1
TSEN54	0	357	1
TSEN54	1	409	1
TSFM	0	356	2
TSFM	1	408	2
TSHZ1	0	346	12
TSHZ1	1	395	15
TSPEAR	0	358	0
TSPEAR	1	409	1
TTBK2	0	357	1
TTBK2	1	410	0
TTC21B	0	358	0
TTC21B	1	409	1
TTC37	0	358	0
TTC37	1	410	0
TTC7A	0	357	1
TTC7A	1	409	1
TTC8	0	357	1
TTC8	1	410	0
TTI2	0	358	0
TTI2	1	406	4
TTLL5	0	356	2
TTLL5	1	403	7
TTN	0	351	7
TTN	1	407	3
TTN-AS1	0	356	2
TTN-AS1	1	402	8
TTR	0	357	1
TTR	1	410	0
TUBB3	0	357	1
TUBB3	1	410	0
TUBG2	0	357	1
TUBG2	1	410	0
TUBGCP6	0	356	2
TUBGCP6	1	410	0
TULP1	0	358	0
TULP1	1	409	1
TUSC3	0	357	1
TUSC3	1	409	1
TXNRD2	0	358	0
TXNRD2	1	409	1
TYR	0	357	1
TYR	1	410	0
TYRP1	0	358	0
TYRP1	1	409	1
UBR1	0	358	0
UBR1	1	408	2
UCP2	0	358	0
UCP2	1	409	1
UGT1A3	0	358	0
UGT1A3	1	409	1
UGT1A4	0	358	0
UGT1A4	1	409	1
UGT1A5	0	357	1
UGT1A5	1	409	1
UGT1A9	0	358	0
UGT1A9	1	410	0
UNC119	0	358	0
UNC119	1	409	1
UNC13D	0	358	0
UNC13D	1	409	1
UPB1	0	351	7
UPB1	1	406	4
UPK3A	0	354	4
UPK3A	1	404	6
UQCC2	0	357	1
UQCC2	1	410	0
UQCRB	0	354	4
UQCRB	1	405	5
UROD	0	358	0
UROD	1	409	1
UROS	0	357	1
UROS	1	410	0
USH2A	0	351	7
USH2A	1	404	6
UTP14C	0	351	7
UTP14C	1	401	9
VCL	0	358	0
VCL	1	409	1
VCP	0	345	13
VCP	1	397	13
VEGFA	0	357	1
VEGFA	1	410	0
VHL	0	358	0
VHL	1	409	1
VIPAS39	0	358	0
VIPAS39	1	409	1
VLDLR	0	357	1
VLDLR	1	410	0
VPS13A	0	358	0
VPS13A	1	406	4
VPS13B	0	355	3
VPS13B	1	401	9
VPS33B	0	358	0
VPS33B	1	409	1
VPS35P1	0	356	2
VPS35P1	1	407	3
VSX1	0	358	0
VSX1	1	409	1
VWF	0	357	1
VWF	1	409	1
WASHC5	0	356	2
WASHC5	1	410	0
WDR11	0	358	0
WDR11	1	408	2
WDR19	0	357	1
WDR19	1	410	0
WDR35	0	352	6
WDR35	1	409	1
WDR36	0	358	0
WDR36	1	408	2
WDR62	0	357	1
WDR62	1	410	0
WDR72	0	358	0
WDR72	1	410	0
WNK4	0	358	0
WNK4	1	409	1
WNT10A	0	358	0
WNT10A	1	409	1
WNT10B	0	357	1
WNT10B	1	410	0
WRAP53	0	357	1
WRAP53	1	410	0
WRN	0	357	1
WRN	1	407	3
WWOX	0	358	0
WWOX	1	410	0
XDH	0	355	3
XDH	1	406	4
XPA	0	358	0
XPA	1	407	3
XPC	0	356	2
XPC	1	409	1
XPNPEP3	0	358	0
XPNPEP3	1	410	0
XRCC2	0	357	1
XRCC2	1	410	0
ZAP70	0	358	0
ZAP70	1	409	1
ZBTB24	0	357	1
ZBTB24	1	410	0
ZC3H14	0	358	0
ZC3H14	1	409	1
ZFHX3	0	356	2
ZFHX3	1	409	1
ZFHX4	0	358	0
ZFHX4	1	409	1
ZFYVE26	0	357	1
ZFYVE26	1	409	1
ZIC2	0	357	1
ZIC2	1	410	0
ZMPSTE24	0	358	0
ZMPSTE24	1	406	4
ZMYND10	0	357	1
ZMYND10	1	410	0
ZNF335	0	358	0
ZNF335	1	409	1
ZNF407	0	358	0
ZNF407	1	409	1
ZNF526	0	357	1
ZNF526	1	409	1
ZNF644	0	357	1
ZNF644	1	406	4
